{"type":"FeatureCollection","features":[{"type":"Feature","properties":{"name":"Central","abbrev":"CTR"},"geometry":{"type":"MultiPolygon","coordinates":[[[[-75.14791,39.96733],[-75.14715,39.96714],[-75.14655,39.97039],[-75.14586,39.97031],[-75.1431,39.96996],[-75.14237,39.96988],[-75.13958,39.96952],[-75.139,39.96942],[-75.13726,39.96908],[-75.13679,39.969],[-75.13574,39.9688],[-75.13515,39.9687],[-75.13443,39.9688],[-75.13443,39.9676],[-75.13441,39.9661],[-75.13442,39.96478],[-75.13435,39.96449],[-75.13369,39.96504],[-75.12977,39.96659],[-75.12952,39.96665],[-75.1287,39.96699],[-75.12593,39.96247],[-75.12778,39.96153],[-75.12909,39.96072],[-75.12983,39.96023],[-75.1305,39.9596],[-75.13108,39.95892],[-75.13154,39.95829],[-75.13227,39.95705],[-75.13382,39.95427],[-75.13454,39.95284],[-75.13488,39.95208],[-75.13532,39.95082],[-75.13574,39.94953],[-75.13604,39.94828],[-75.13617,39.94748],[-75.13629,39.9466],[-75.13632,39.94585],[-75.13623,39.94494],[-75.13597,39.94339],[-75.13576,39.94197],[-75.1357,39.94101],[-75.13572,39.93949],[-75.13595,39.93402],[-75.13593,39.93281],[-75.13587,39.9316],[-75.13572,39.93066],[-75.13546,39.92952],[-75.13515,39.92863],[-75.14407,39.92979],[-75.14448,39.92986],[-75.14458,39.92992],[-75.1462,39.93013],[-75.14642,39.93012],[-75.14637,39.93024],[-75.14617,39.93133],[-75.14608,39.93172],[-75.14591,39.93255],[-75.14584,39.93284],[-75.14571,39.93345],[-75.14554,39.93343],[-75.1454,39.93339],[-75.14512,39.9346],[-75.14489,39.93547],[-75.1487,39.9365],[-75.14993,39.93684],[-75.14994,39.93685],[-75.15023,39.93693],[-75.15481,39.93816],[-75.15632,39.93858],[-75.15678,39.93869],[-75.15785,39.93899],[-75.15863,39.9391],[-75.15942,39.93919],[-75.16092,39.93938],[-75.16414,39.93977],[-75.16623,39.94004],[-75.16671,39.93785],[-75.16682,39.93788],[-75.16845,39.93809],[-75.17003,39.93827],[-75.17053,39.93834],[-75.17161,39.93846],[-75.17268,39.9386],[-75.17318,39.93865],[-75.17373,39.93873],[-75.17475,39.93884],[-75.17631,39.93903],[-75.17984,39.93949],[-75.18314,39.9399],[-75.18496,39.94009],[-75.18534,39.94009],[-75.18632,39.9402],[-75.18655,39.94024],[-75.18745,39.94037],[-75.18798,39.94007],[-75.18824,39.93989],[-75.18872,39.93958],[-75.18901,39.93943],[-75.19259,39.94161],[-75.19358,39.94223],[-75.19319,39.94232],[-75.19302,39.94237],[-75.19285,39.94243],[-75.19238,39.94264],[-75.19224,39.94273],[-75.19211,39.94283],[-75.19175,39.94314],[-75.19164,39.94325],[-75.19101,39.94288],[-75.19061,39.94326],[-75.1904,39.94344],[-75.1903,39.94354],[-75.19022,39.94364],[-75.19001,39.94384],[-75.18994,39.94389],[-75.18962,39.94418],[-75.18957,39.94425],[-75.18949,39.94433],[-75.18936,39.94448],[-75.18928,39.94453],[-75.18913,39.94467],[-75.18895,39.94478],[-75.1889,39.94482],[-75.1888,39.94493],[-75.18875,39.94496],[-75.18871,39.945],[-75.1886,39.94508],[-75.18852,39.94513],[-75.18835,39.94527],[-75.18823,39.94535],[-75.18817,39.94543],[-75.18804,39.94548],[-75.18786,39.94561],[-75.18772,39.94575],[-75.18767,39.94576],[-75.18761,39.94576],[-75.18758,39.9458],[-75.1876,39.94583],[-75.18759,39.94583],[-75.18732,39.94601],[-75.18724,39.94603],[-75.18711,39.94603],[-75.1871,39.94606],[-75.18706,39.94612],[-75.18686,39.94629],[-75.18646,39.94651],[-75.1864,39.94658],[-75.18688,39.94693],[-75.18679,39.94698],[-75.18652,39.94716],[-75.18639,39.94726],[-75.18612,39.94744],[-75.18493,39.9483],[-75.18352,39.94939],[-75.18292,39.94991],[-75.18281,39.95002],[-75.18261,39.95025],[-75.18243,39.95049],[-75.18228,39.95074],[-75.18202,39.95127],[-75.18189,39.9515],[-75.18188,39.95153],[-75.1818,39.95165],[-75.18179,39.95169],[-75.18166,39.9519],[-75.18165,39.95194],[-75.18157,39.95206],[-75.18149,39.95222],[-75.18141,39.95234],[-75.18133,39.9525],[-75.18127,39.95259],[-75.18119,39.95275],[-75.18113,39.95284],[-75.1811,39.95291],[-75.18104,39.953],[-75.18091,39.95325],[-75.18085,39.95334],[-75.18082,39.95341],[-75.18074,39.95353],[-75.18069,39.95363],[-75.18056,39.95384],[-75.18053,39.95391],[-75.18047,39.954],[-75.18046,39.95403],[-75.18042,39.95409],[-75.18041,39.95413],[-75.18032,39.95428],[-75.18031,39.95432],[-75.18028,39.95438],[-75.18024,39.95444],[-75.18023,39.95448],[-75.18017,39.9546],[-75.18016,39.95464],[-75.18014,39.95467],[-75.1801,39.9548],[-75.18008,39.95483],[-75.18002,39.95503],[-75.18002,39.95507],[-75.17995,39.9553],[-75.17995,39.95533],[-75.17992,39.95545],[-75.17989,39.95553],[-75.17979,39.95587],[-75.17977,39.9559],[-75.17974,39.956],[-75.17972,39.95603],[-75.1797,39.9561],[-75.17968,39.95613],[-75.17962,39.95629],[-75.1796,39.95632],[-75.17958,39.95639],[-75.17956,39.95642],[-75.17953,39.95652],[-75.17951,39.95655],[-75.17944,39.95678],[-75.17935,39.95719],[-75.17933,39.95736],[-75.17932,39.95739],[-75.17931,39.9576],[-75.1793,39.95763],[-75.1793,39.95784],[-75.17931,39.95787],[-75.17932,39.95807],[-75.17935,39.95821],[-75.17935,39.95824],[-75.17937,39.95831],[-75.17937,39.95834],[-75.17939,39.95841],[-75.17939,39.95844],[-75.17944,39.95861],[-75.17944,39.95865],[-75.17959,39.95915],[-75.17959,39.95918],[-75.17966,39.95942],[-75.17966,39.95945],[-75.1797,39.95959],[-75.1797,39.95962],[-75.17977,39.95986],[-75.17983,39.95998],[-75.17984,39.96002],[-75.17985,39.96002],[-75.17986,39.96005],[-75.1802,39.96056],[-75.18023,39.96059],[-75.18044,39.96089],[-75.18047,39.96092],[-75.18053,39.96101],[-75.18056,39.96103],[-75.18062,39.96112],[-75.18079,39.96133],[-75.18083,39.96139],[-75.18093,39.9615],[-75.18109,39.96171],[-75.18112,39.96173],[-75.18128,39.96194],[-75.18131,39.96196],[-75.18145,39.96214],[-75.18148,39.96216],[-75.1816,39.96231],[-75.18163,39.96233],[-75.18185,39.96259],[-75.18191,39.96264],[-75.18193,39.96267],[-75.18204,39.96278],[-75.18219,39.96295],[-75.18222,39.96297],[-75.18227,39.96303],[-75.1823,39.96305],[-75.18232,39.96308],[-75.18246,39.96322],[-75.18248,39.96325],[-75.18251,39.96327],[-75.18256,39.96333],[-75.18262,39.96338],[-75.18269,39.96347],[-75.18275,39.96352],[-75.18282,39.96361],[-75.18288,39.96366],[-75.18305,39.96386],[-75.18308,39.96388],[-75.18315,39.96397],[-75.18328,39.96411],[-75.18337,39.96423],[-75.1834,39.96425],[-75.18355,39.96446],[-75.18367,39.96461],[-75.18375,39.96473],[-75.18389,39.9649],[-75.18397,39.96502],[-75.184,39.96505],[-75.18408,39.96517],[-75.18411,39.9652],[-75.18443,39.96569],[-75.18446,39.96572],[-75.18456,39.96587],[-75.18466,39.96598],[-75.1847,39.96604],[-75.18492,39.96626],[-75.18495,39.96628],[-75.18497,39.96631],[-75.18509,39.96641],[-75.18514,39.96647],[-75.18538,39.96667],[-75.18543,39.96673],[-75.18573,39.96698],[-75.18577,39.967],[-75.18598,39.96718],[-75.18605,39.96722],[-75.18614,39.9673],[-75.1863,39.96741],[-75.18633,39.96744],[-75.1864,39.96748],[-75.18643,39.96751],[-75.1865,39.96755],[-75.18653,39.96758],[-75.18676,39.96773],[-75.18712,39.96793],[-75.18716,39.96794],[-75.18727,39.968],[-75.18731,39.96801],[-75.18743,39.96807],[-75.18759,39.96813],[-75.18766,39.96817],[-75.18778,39.96821],[-75.18786,39.96825],[-75.18802,39.96831],[-75.18821,39.9684],[-75.18833,39.96844],[-75.18841,39.96848],[-75.18881,39.96863],[-75.18889,39.96865],[-75.18909,39.96873],[-75.18914,39.96874],[-75.18929,39.96881],[-75.18941,39.96885],[-75.18952,39.96891],[-75.18956,39.96892],[-75.18964,39.96896],[-75.18995,39.96914],[-75.18998,39.96917],[-75.19009,39.96923],[-75.19012,39.96926],[-75.19029,39.96937],[-75.19032,39.9694],[-75.19042,39.96947],[-75.19054,39.96958],[-75.19063,39.96965],[-75.19087,39.9699],[-75.19096,39.97002],[-75.19107,39.9702],[-75.19108,39.97023],[-75.19115,39.97035],[-75.19116,39.97039],[-75.19121,39.97048],[-75.19125,39.97058],[-75.19132,39.97077],[-75.19153,39.97148],[-75.19153,39.97151],[-75.19156,39.97162],[-75.19175,39.97224],[-75.19179,39.97234],[-75.19181,39.97237],[-75.19183,39.97244],[-75.19185,39.97247],[-75.19187,39.97254],[-75.19189,39.97257],[-75.19195,39.97273],[-75.19197,39.97276],[-75.19199,39.97283],[-75.19201,39.97286],[-75.19203,39.97293],[-75.19205,39.97296],[-75.19208,39.97306],[-75.1921,39.97309],[-75.19212,39.97316],[-75.19214,39.97319],[-75.1922,39.97335],[-75.19222,39.97338],[-75.19228,39.97355],[-75.1923,39.97358],[-75.19236,39.97374],[-75.19238,39.97377],[-75.1924,39.97384],[-75.19242,39.97387],[-75.18644,39.97368],[-75.18637,39.97355],[-75.18377,39.97323],[-75.18144,39.97293],[-75.18032,39.9728],[-75.17949,39.97269],[-75.17754,39.97245],[-75.17495,39.97211],[-75.17266,39.97183],[-75.17199,39.97174],[-75.17132,39.97166],[-75.17055,39.97158],[-75.16928,39.97142],[-75.1689,39.97136],[-75.16848,39.97132],[-75.16681,39.97111],[-75.16673,39.97109],[-75.16456,39.97083],[-75.16141,39.97044],[-75.15971,39.97021],[-75.15891,39.97002],[-75.152,39.96831],[-75.1515,39.96819],[-75.15098,39.96809],[-75.14869,39.96753],[-75.14791,39.96733]]]]}},{"type":"Feature","properties":{"name":"Central Northeast","abbrev":"CNE"},"geometry":{"type":"MultiPolygon","coordinates":[[[[-75.05403,40.08034],[-75.05264,40.07954],[-75.05233,40.07987],[-75.05157,40.08063],[-75.05085,40.08024],[-75.04753,40.08276],[-75.04689,40.08244],[-75.04673,40.08233],[-75.04655,40.08218],[-75.04567,40.08074],[-75.04466,40.07911],[-75.04384,40.07762],[-75.04389,40.07755],[-75.04312,40.07718],[-75.04187,40.07544],[-75.03975,40.07242],[-75.04106,40.07138],[-75.04127,40.0712],[-75.04142,40.07101],[-75.04154,40.07082],[-75.04162,40.07064],[-75.04163,40.07056],[-75.04177,40.07057],[-75.0418,40.07039],[-75.0418,40.07022],[-75.04178,40.07007],[-75.04172,40.06983],[-75.04166,40.06965],[-75.04154,40.06945],[-75.04137,40.06925],[-75.04123,40.06913],[-75.04035,40.06859],[-75.03484,40.06547],[-75.03459,40.06521],[-75.03439,40.06497],[-75.03422,40.06474],[-75.0341,40.06453],[-75.034,40.0643],[-75.03392,40.06398],[-75.03358,40.0624],[-75.03352,40.0621],[-75.03353,40.06188],[-75.03356,40.0616],[-75.03362,40.06124],[-75.03371,40.06086],[-75.03487,40.05843],[-75.03475,40.05722],[-75.0345,40.05713],[-75.03433,40.05708],[-75.03443,40.05703],[-75.03523,40.05589],[-75.03596,40.05483],[-75.03615,40.05457],[-75.03623,40.05443],[-75.03628,40.05431],[-75.03631,40.05423],[-75.03636,40.05402],[-75.03637,40.05386],[-75.03636,40.05371],[-75.03633,40.05356],[-75.03628,40.05342],[-75.0362,40.05325],[-75.03613,40.05313],[-75.03604,40.05301],[-75.03596,40.05293],[-75.0359,40.05282],[-75.03587,40.05273],[-75.03587,40.05259],[-75.03589,40.05246],[-75.03606,40.05218],[-75.0361,40.05207],[-75.03612,40.05196],[-75.03611,40.05183],[-75.03607,40.05171],[-75.03602,40.05161],[-75.03595,40.05152],[-75.03586,40.05144],[-75.03566,40.05131],[-75.03551,40.05127],[-75.03525,40.05123],[-75.03501,40.05124],[-75.03479,40.0513],[-75.03459,40.05141],[-75.03443,40.05155],[-75.03413,40.05184],[-75.0337,40.05215],[-75.03322,40.0524],[-75.03276,40.05258],[-75.03263,40.05262],[-75.03255,40.05263],[-75.03235,40.0526],[-75.03228,40.05256],[-75.03222,40.05251],[-75.03199,40.05203],[-75.03194,40.05191],[-75.03185,40.05177],[-75.0317,40.05162],[-75.03155,40.05152],[-75.03144,40.05146],[-75.03114,40.05137],[-75.03094,40.05135],[-75.03077,40.05135],[-75.03061,40.05137],[-75.03042,40.05138],[-75.03021,40.05139],[-75.02998,40.05139],[-75.02951,40.05134],[-75.0292,40.05129],[-75.02676,40.05079],[-75.02669,40.05059],[-75.02657,40.05061],[-75.02657,40.05062],[-75.02654,40.05065],[-75.02652,40.05065],[-75.02648,40.05067],[-75.0264,40.05065],[-75.02636,40.05065],[-75.02635,40.05064],[-75.02629,40.05064],[-75.02628,40.05063],[-75.0262,40.05063],[-75.0262,40.05062],[-75.02607,40.05061],[-75.02568,40.05061],[-75.0254,40.05064],[-75.0252,40.05068],[-75.02505,40.05072],[-75.02466,40.05086],[-75.02462,40.05089],[-75.02458,40.0509],[-75.0245,40.05094],[-75.02437,40.05102],[-75.02425,40.05111],[-75.02403,40.05129],[-75.02365,40.0517],[-75.02347,40.05188],[-75.02336,40.05201],[-75.02293,40.05245],[-75.0237,40.05279],[-75.02384,40.05284],[-75.02405,40.05294],[-75.02496,40.05333],[-75.02347,40.05541],[-75.02324,40.05525],[-75.02302,40.05512],[-75.02269,40.05494],[-75.02156,40.05434],[-75.02099,40.05405],[-75.02076,40.05392],[-75.02072,40.05391],[-75.0206,40.05385],[-75.01998,40.05351],[-75.01924,40.05313],[-75.01895,40.05297],[-75.01844,40.05266],[-75.01818,40.05246],[-75.01775,40.05207],[-75.01749,40.05175],[-75.01732,40.05151],[-75.01714,40.05119],[-75.01699,40.05083],[-75.01689,40.0505],[-75.01683,40.05019],[-75.01682,40.04965],[-75.01684,40.04938],[-75.0169,40.04919],[-75.01704,40.0488],[-75.01735,40.04826],[-75.01767,40.04782],[-75.01777,40.04772],[-75.01826,40.04734],[-75.01871,40.047],[-75.01876,40.04698],[-75.01941,40.04652],[-75.01939,40.0465],[-75.01988,40.04615],[-75.01983,40.04599],[-75.01993,40.04549],[-75.02004,40.04537],[-75.02022,40.04522],[-75.02036,40.04502],[-75.02051,40.04462],[-75.02055,40.04431],[-75.02056,40.04417],[-75.02049,40.04407],[-75.02044,40.0439],[-75.0204,40.04381],[-75.02043,40.04365],[-75.0205,40.04355],[-75.02175,40.04368],[-75.02172,40.04389],[-75.02157,40.04441],[-75.02146,40.04466],[-75.02133,40.0449],[-75.02117,40.04513],[-75.02077,40.04556],[-75.02054,40.04576],[-75.02013,40.04601],[-75.02008,40.04639],[-75.0201,40.04677],[-75.02019,40.04715],[-75.02034,40.04753],[-75.02049,40.04779],[-75.02064,40.04798],[-75.02067,40.04804],[-75.02086,40.04824],[-75.02102,40.04838],[-75.0214,40.04867],[-75.02169,40.04885],[-75.02199,40.049],[-75.02253,40.04919],[-75.02291,40.04928],[-75.02311,40.04931],[-75.02326,40.04932],[-75.02371,40.04929],[-75.02385,40.04926],[-75.02394,40.04925],[-75.02412,40.04919],[-75.02438,40.04909],[-75.02432,40.04899],[-75.02534,40.04852],[-75.02604,40.04817],[-75.02623,40.04828],[-75.0289,40.04866],[-75.02936,40.04867],[-75.02967,40.04864],[-75.02994,40.0486],[-75.03032,40.04849],[-75.03049,40.04842],[-75.03086,40.04823],[-75.03121,40.04799],[-75.0313,40.04786],[-75.03152,40.04759],[-75.03171,40.04734],[-75.03178,40.04715],[-75.03185,40.04682],[-75.03184,40.04644],[-75.03178,40.04615],[-75.03161,40.04576],[-75.03154,40.04569],[-75.03164,40.04567],[-75.03348,40.04482],[-75.03357,40.04494],[-75.03386,40.04481],[-75.03414,40.04473],[-75.03435,40.04469],[-75.03469,40.04465],[-75.03495,40.04465],[-75.03525,40.04467],[-75.03543,40.0447],[-75.03565,40.04475],[-75.03602,40.04486],[-75.03636,40.04502],[-75.03649,40.0451],[-75.03664,40.04521],[-75.03707,40.04558],[-75.03719,40.04566],[-75.03731,40.04573],[-75.03748,40.0458],[-75.0377,40.04587],[-75.03793,40.04592],[-75.039,40.04599],[-75.03914,40.04601],[-75.03939,40.0461],[-75.03949,40.04618],[-75.03957,40.04627],[-75.03963,40.04637],[-75.03966,40.04647],[-75.03967,40.0466],[-75.03969,40.04671],[-75.03977,40.04695],[-75.03992,40.04719],[-75.04005,40.04734],[-75.04022,40.04751],[-75.04049,40.04769],[-75.04081,40.04784],[-75.04125,40.04796],[-75.04167,40.048],[-75.04188,40.048],[-75.04225,40.04795],[-75.04246,40.0479],[-75.04265,40.04783],[-75.04282,40.04776],[-75.043,40.04767],[-75.04319,40.04753],[-75.04332,40.04742],[-75.04364,40.0471],[-75.04386,40.04695],[-75.0441,40.04683],[-75.04435,40.04675],[-75.04451,40.04672],[-75.04502,40.04666],[-75.04527,40.04664],[-75.04527,40.04652],[-75.04755,40.04627],[-75.04778,40.04626],[-75.04798,40.04634],[-75.04828,40.04643],[-75.04882,40.04663],[-75.04916,40.04673],[-75.04938,40.04678],[-75.0506,40.04695],[-75.05163,40.04708],[-75.05169,40.04697],[-75.05219,40.04643],[-75.05221,40.0464],[-75.05429,40.04446],[-75.05429,40.04445],[-75.05493,40.04386],[-75.05561,40.0432],[-75.05603,40.04276],[-75.05612,40.04265],[-75.05671,40.04207],[-75.05856,40.04032],[-75.0588,40.04011],[-75.06108,40.03796],[-75.06269,40.03884],[-75.06344,40.03928],[-75.06558,40.04045],[-75.06609,40.04074],[-75.06643,40.04095],[-75.06676,40.04112],[-75.06707,40.04131],[-75.06799,40.04181],[-75.06922,40.04249],[-75.06946,40.04263],[-75.07035,40.04311],[-75.07161,40.04383],[-75.07225,40.04417],[-75.07265,40.0444],[-75.07325,40.04381],[-75.07384,40.04318],[-75.07437,40.04346],[-75.0754,40.04404],[-75.08099,40.04714],[-75.08195,40.04769],[-75.08199,40.0477],[-75.08289,40.04821],[-75.08617,40.05003],[-75.08599,40.05089],[-75.08609,40.05088],[-75.0862,40.05092],[-75.08634,40.05099],[-75.08781,40.0518],[-75.08815,40.05144],[-75.08835,40.05124],[-75.09013,40.05223],[-75.09122,40.05285],[-75.09193,40.05324],[-75.09199,40.05325],[-75.09213,40.05319],[-75.09223,40.05355],[-75.09258,40.0553],[-75.09257,40.05538],[-75.09253,40.05548],[-75.09264,40.05558],[-75.09281,40.05634],[-75.09299,40.05661],[-75.09334,40.05702],[-75.09362,40.05743],[-75.08747,40.06359],[-75.0879,40.06385],[-75.09037,40.06528],[-75.09674,40.06899],[-75.09387,40.07181],[-75.09167,40.07399],[-75.08918,40.07643],[-75.08695,40.07867],[-75.08688,40.07861],[-75.08246,40.08289],[-75.08119,40.08413],[-75.0778,40.08578],[-75.06946,40.09442],[-75.0685,40.09458],[-75.06843,40.09455],[-75.06808,40.09425],[-75.0668,40.09326],[-75.06636,40.09293],[-75.06602,40.09261],[-75.06614,40.09243],[-75.06527,40.0916],[-75.06486,40.0912],[-75.06466,40.09099],[-75.06436,40.09082],[-75.0641,40.09069],[-75.06392,40.09061],[-75.06363,40.09056],[-75.06322,40.09054],[-75.05835,40.09016],[-75.05787,40.09007],[-75.05707,40.08971],[-75.05672,40.08937],[-75.05652,40.08912],[-75.0565,40.08902],[-75.05637,40.08811],[-75.05638,40.08796],[-75.05641,40.08777],[-75.05647,40.08755],[-75.05656,40.08734],[-75.05666,40.08715],[-75.0568,40.08699],[-75.05703,40.08678],[-75.05703,40.08677],[-75.05538,40.08192],[-75.05502,40.0809],[-75.05403,40.08034]]]]}},{"type":"Feature","properties":{"name":"Lower Far Northeast","abbrev":"LFNE"},"geometry":{"type":"MultiPolygon","coordinates":[[[[-74.96443,40.11728],[-74.96434,40.11727],[-74.96424,40.11729],[-74.96415,40.11733],[-74.964,40.11723],[-74.96383,40.11713],[-74.96344,40.11701],[-74.96338,40.11697],[-74.9633,40.1169],[-74.96322,40.11677],[-74.96318,40.11668],[-74.96315,40.11651],[-74.96314,40.11637],[-74.96316,40.1162],[-74.96313,40.1161],[-74.96311,40.11588],[-74.96315,40.1158],[-74.96325,40.11565],[-74.96333,40.11548],[-74.9634,40.1153],[-74.96341,40.11522],[-74.96335,40.11513],[-74.96326,40.11503],[-74.96324,40.11497],[-74.96309,40.11465],[-74.96311,40.11459],[-74.96325,40.11447],[-74.96346,40.11421],[-74.96367,40.114],[-74.964,40.11369],[-74.96409,40.11356],[-74.96414,40.11347],[-74.96416,40.11338],[-74.96414,40.11329],[-74.96402,40.11302],[-74.96392,40.11264],[-74.96388,40.11244],[-74.96388,40.11201],[-74.96378,40.11175],[-74.96378,40.11165],[-74.9638,40.11155],[-74.96385,40.11148],[-74.96394,40.11138],[-74.96405,40.11122],[-74.96411,40.11107],[-74.96412,40.11087],[-74.96404,40.11071],[-74.9639,40.11057],[-74.96384,40.11046],[-74.96384,40.11038],[-74.96381,40.11023],[-74.96375,40.11009],[-74.96371,40.10997],[-74.96371,40.10988],[-74.96377,40.10976],[-74.96389,40.10961],[-74.96398,40.10952],[-74.96408,40.10946],[-74.96424,40.10944],[-74.96441,40.10951],[-74.96451,40.10948],[-74.9646,40.10941],[-74.96468,40.10932],[-74.96477,40.10909],[-74.96488,40.10893],[-74.96506,40.10883],[-74.96512,40.10878],[-74.96539,40.1084],[-74.96558,40.10816],[-74.96558,40.10809],[-74.96543,40.10789],[-74.96521,40.10745],[-74.96512,40.10731],[-74.96498,40.1072],[-74.96396,40.10711],[-74.96371,40.10707],[-74.96352,40.10699],[-74.96334,40.10688],[-74.96325,40.10678],[-74.96322,40.10665],[-74.96327,40.10657],[-74.9634,40.10651],[-74.9636,40.10645],[-74.96366,40.10639],[-74.96367,40.10629],[-74.96361,40.10615],[-74.96363,40.10607],[-74.96369,40.10598],[-74.96379,40.10591],[-74.96391,40.10581],[-74.96396,40.10574],[-74.96396,40.10564],[-74.9638,40.10555],[-74.96359,40.10548],[-74.96318,40.10529],[-74.96296,40.10521],[-74.96269,40.10514],[-74.96256,40.10508],[-74.9625,40.10499],[-74.96243,40.10486],[-74.96243,40.10476],[-74.96247,40.10466],[-74.96254,40.10456],[-74.96254,40.10448],[-74.96238,40.10435],[-74.96209,40.10414],[-74.96199,40.10403],[-74.96177,40.10382],[-74.96157,40.10368],[-74.9614,40.10358],[-74.96123,40.1035],[-74.96118,40.10345],[-74.96116,40.10345],[-74.96111,40.10342],[-74.96102,40.10333],[-74.96099,40.10324],[-74.961,40.10311],[-74.96109,40.10279],[-74.9612,40.10261],[-74.9612,40.10243],[-74.96129,40.10213],[-74.96129,40.10202],[-74.96127,40.10196],[-74.9611,40.1018],[-74.96106,40.10168],[-74.96113,40.1014],[-74.96123,40.1013],[-74.96139,40.10116],[-74.96164,40.1009],[-74.9617,40.10078],[-74.96174,40.10066],[-74.96185,40.10018],[-74.96185,40.1001],[-74.96189,40.09991],[-74.96193,40.0998],[-74.96201,40.09966],[-74.96202,40.0996],[-74.96199,40.09951],[-74.96192,40.09942],[-74.96167,40.0992],[-74.96173,40.0991],[-74.96207,40.09878],[-74.96209,40.09867],[-74.96206,40.09862],[-74.96191,40.0985],[-74.96172,40.09839],[-74.96161,40.0983],[-74.96158,40.09824],[-74.9616,40.09817],[-74.96166,40.0981],[-74.96178,40.09802],[-74.96181,40.09794],[-74.96181,40.09786],[-74.96179,40.09778],[-74.96172,40.09772],[-74.96162,40.09767],[-74.96119,40.09752],[-74.96106,40.09749],[-74.96092,40.09748],[-74.96079,40.0975],[-74.96068,40.09755],[-74.96057,40.09757],[-74.96046,40.09757],[-74.95973,40.09738],[-74.95963,40.09733],[-74.95948,40.09722],[-74.95938,40.09719],[-74.95876,40.0969],[-74.95852,40.09682],[-74.95825,40.0967],[-74.95817,40.09663],[-74.95811,40.09655],[-74.95808,40.09648],[-74.958,40.0964],[-74.95765,40.09611],[-74.95735,40.09597],[-74.95721,40.09592],[-74.95706,40.0959],[-74.9569,40.09592],[-74.95664,40.09597],[-74.95646,40.09598],[-74.95629,40.09594],[-74.95619,40.09587],[-74.9561,40.09578],[-74.95609,40.09572],[-74.95611,40.09566],[-74.95612,40.09559],[-74.95584,40.09527],[-74.95576,40.09514],[-74.95575,40.09505],[-74.95588,40.09473],[-74.95639,40.09373],[-74.9564,40.0934],[-74.95638,40.09324],[-74.95637,40.09307],[-74.95645,40.09287],[-74.95669,40.09248],[-74.95682,40.0923],[-74.95707,40.09203],[-74.95712,40.09187],[-74.9572,40.09169],[-74.95744,40.09135],[-74.95747,40.09126],[-74.95764,40.09115],[-74.95782,40.09084],[-74.95796,40.09057],[-74.95798,40.09047],[-74.95796,40.09038],[-74.95791,40.09026],[-74.95782,40.09013],[-74.95779,40.09003],[-74.95779,40.08992],[-74.95783,40.08983],[-74.95789,40.08978],[-74.95807,40.08967],[-74.95811,40.08957],[-74.95812,40.08948],[-74.95811,40.08939],[-74.95812,40.08934],[-74.95823,40.0892],[-74.95825,40.08915],[-74.95818,40.08873],[-74.95801,40.08825],[-74.95787,40.08791],[-74.95771,40.08765],[-74.95761,40.08721],[-74.95761,40.0871],[-74.95764,40.08706],[-74.95802,40.08684],[-74.95803,40.0866],[-74.95803,40.08632],[-74.95805,40.08621],[-74.95808,40.08615],[-74.9582,40.08604],[-74.95823,40.08588],[-74.95822,40.08565],[-74.95825,40.08528],[-74.9583,40.08507],[-74.95834,40.08496],[-74.95863,40.0846],[-74.95868,40.08439],[-74.95863,40.0843],[-74.95855,40.08426],[-74.95842,40.08422],[-74.95837,40.08412],[-74.95837,40.08403],[-74.95838,40.08396],[-74.95842,40.08393],[-74.95859,40.08393],[-74.95872,40.08391],[-74.9589,40.08373],[-74.95897,40.08359],[-74.95898,40.08346],[-74.95891,40.08321],[-74.95902,40.08309],[-74.95914,40.08293],[-74.95915,40.08281],[-74.95913,40.08272],[-74.95904,40.08259],[-74.959,40.08251],[-74.95905,40.08242],[-74.9591,40.08237],[-74.95928,40.08238],[-74.95974,40.08231],[-74.95986,40.08226],[-74.95995,40.08215],[-74.96001,40.08206],[-74.96005,40.08193],[-74.96008,40.08168],[-74.96008,40.08154],[-74.96004,40.08133],[-74.96004,40.08127],[-74.96011,40.08119],[-74.96018,40.08108],[-74.96063,40.0808],[-74.96082,40.08066],[-74.96088,40.08059],[-74.96099,40.08052],[-74.96108,40.08045],[-74.96127,40.08019],[-74.96152,40.07993],[-74.96189,40.07967],[-74.96202,40.07959],[-74.96211,40.07948],[-74.96213,40.07938],[-74.96216,40.07913],[-74.9622,40.07902],[-74.96227,40.0789],[-74.96233,40.07883],[-74.96247,40.0787],[-74.96251,40.07865],[-74.96254,40.07859],[-74.96252,40.07847],[-74.96248,40.07841],[-74.96243,40.07826],[-74.96242,40.07812],[-74.96243,40.07805],[-74.96246,40.078],[-74.96251,40.07794],[-74.96263,40.07787],[-74.96318,40.07739],[-74.96329,40.07721],[-74.9634,40.07712],[-74.96351,40.07707],[-74.96364,40.07704],[-74.96378,40.07706],[-74.96432,40.07705],[-74.96491,40.07718],[-74.96497,40.0772],[-74.96504,40.0772],[-74.96544,40.07724],[-74.96574,40.07726],[-74.96618,40.07727],[-74.9663,40.07723],[-74.96649,40.07713],[-74.9666,40.07704],[-74.96667,40.07696],[-74.96675,40.0767],[-74.96678,40.07653],[-74.96682,40.07645],[-74.96694,40.07639],[-74.96727,40.07635],[-74.96755,40.07633],[-74.96781,40.07634],[-74.96828,40.07632],[-74.96889,40.07627],[-74.96904,40.07627],[-74.96913,40.0763],[-74.9693,40.07641],[-74.96948,40.07646],[-74.96963,40.07648],[-74.96975,40.07648],[-74.96983,40.07645],[-74.9699,40.0764],[-74.97011,40.07628],[-74.97025,40.07623],[-74.97037,40.07623],[-74.97051,40.07625],[-74.97069,40.07626],[-74.97084,40.07622],[-74.97126,40.07587],[-74.97135,40.07576],[-74.97138,40.07568],[-74.97142,40.07561],[-74.9714,40.07551],[-74.97129,40.07528],[-74.97123,40.07519],[-74.97125,40.07499],[-74.97128,40.07486],[-74.97137,40.07467],[-74.97145,40.0746],[-74.97159,40.07456],[-74.97162,40.07447],[-74.97162,40.07441],[-74.97158,40.07434],[-74.97149,40.07427],[-74.97108,40.07403],[-74.97103,40.07392],[-74.97103,40.07384],[-74.97104,40.07379],[-74.97111,40.07372],[-74.97154,40.07344],[-74.97173,40.07337],[-74.97201,40.0733],[-74.97213,40.07325],[-74.97222,40.07316],[-74.97227,40.07305],[-74.97233,40.07286],[-74.97241,40.07246],[-74.97244,40.07237],[-74.9725,40.07223],[-74.97258,40.07213],[-74.97266,40.07207],[-74.97292,40.07193],[-74.97321,40.07183],[-74.97348,40.0717],[-74.97353,40.07164],[-74.9736,40.07153],[-74.97363,40.07135],[-74.97367,40.0713],[-74.97398,40.07112],[-74.97412,40.07105],[-74.97426,40.07101],[-74.97442,40.07098],[-74.9748,40.07083],[-74.9749,40.07077],[-74.97498,40.07069],[-74.97504,40.0706],[-74.9751,40.07041],[-74.97512,40.0703],[-74.97512,40.07023],[-74.9751,40.07007],[-74.97511,40.06997],[-74.97517,40.0699],[-74.97525,40.06984],[-74.97535,40.06978],[-74.97546,40.06973],[-74.97558,40.06971],[-74.97597,40.06951],[-74.97619,40.06942],[-74.9764,40.06932],[-74.97661,40.06924],[-74.97673,40.06918],[-74.97683,40.06909],[-74.97691,40.06886],[-74.97701,40.06866],[-74.97708,40.06849],[-74.97727,40.06816],[-74.97733,40.06809],[-74.97746,40.06799],[-74.97763,40.06791],[-74.97786,40.06782],[-74.97816,40.06765],[-74.97837,40.06758],[-74.97862,40.06753],[-74.97888,40.06743],[-74.97909,40.06737],[-74.97918,40.06731],[-74.97941,40.06721],[-74.97956,40.06709],[-74.97961,40.06704],[-74.97971,40.06698],[-74.97978,40.06692],[-74.97984,40.0668],[-74.97985,40.06673],[-74.97991,40.06664],[-74.98005,40.06653],[-74.98027,40.06637],[-74.98038,40.06633],[-74.98068,40.06626],[-74.98075,40.0662],[-74.98086,40.06608],[-74.98092,40.06599],[-74.98097,40.06587],[-74.98097,40.0658],[-74.98092,40.06559],[-74.98095,40.06554],[-74.98103,40.06547],[-74.98109,40.0654],[-74.98116,40.06525],[-74.98115,40.06516],[-74.98106,40.06494],[-74.98236,40.06468],[-74.98283,40.06456],[-74.98326,40.06443],[-74.98374,40.06427],[-74.98417,40.06408],[-74.98495,40.06367],[-74.98558,40.06335],[-74.98794,40.06192],[-74.98839,40.06164],[-74.99043,40.06041],[-74.9907,40.06024],[-74.99092,40.06011],[-74.99126,40.05996],[-74.99158,40.05984],[-74.99204,40.05969],[-74.993,40.05945],[-74.99565,40.05876],[-74.99698,40.05843],[-74.99826,40.05809],[-74.99944,40.05777],[-74.99989,40.05764],[-75.00109,40.05728],[-75.00118,40.05724],[-75.00299,40.05601],[-75.0048,40.05476],[-75.00789,40.05239],[-75.00797,40.05232],[-75.01015,40.05062],[-75.01154,40.0495],[-75.01228,40.04889],[-75.01402,40.04748],[-75.01638,40.04568],[-75.01743,40.04489],[-75.01748,40.04486],[-75.01844,40.04413],[-75.0189,40.04384],[-75.01953,40.04363],[-75.02028,40.04353],[-75.0205,40.04355],[-75.02043,40.04365],[-75.0204,40.04381],[-75.02044,40.0439],[-75.02049,40.04407],[-75.02056,40.04417],[-75.02055,40.04431],[-75.02051,40.04462],[-75.02036,40.04502],[-75.02022,40.04522],[-75.02004,40.04537],[-75.01993,40.04549],[-75.01983,40.04599],[-75.01988,40.04615],[-75.01939,40.0465],[-75.01941,40.04652],[-75.01876,40.04698],[-75.01871,40.047],[-75.01777,40.04772],[-75.01767,40.04782],[-75.01735,40.04826],[-75.01704,40.0488],[-75.0169,40.04919],[-75.01684,40.04938],[-75.01682,40.04965],[-75.01683,40.05019],[-75.01689,40.0505],[-75.01699,40.05083],[-75.01714,40.05119],[-75.01732,40.05151],[-75.01749,40.05175],[-75.01775,40.05207],[-75.01818,40.05246],[-75.01844,40.05266],[-75.01895,40.05297],[-75.01924,40.05313],[-75.01998,40.05351],[-75.0206,40.05385],[-75.02072,40.05391],[-75.02076,40.05392],[-75.02099,40.05405],[-75.02156,40.05434],[-75.02302,40.05512],[-75.02324,40.05525],[-75.02347,40.05541],[-75.02496,40.05333],[-75.02405,40.05294],[-75.02384,40.05284],[-75.0237,40.05279],[-75.02293,40.05245],[-75.02336,40.05201],[-75.02347,40.05188],[-75.02365,40.0517],[-75.02403,40.05129],[-75.02425,40.05111],[-75.02437,40.05102],[-75.0245,40.05094],[-75.02458,40.0509],[-75.02462,40.05089],[-75.02466,40.05086],[-75.02505,40.05072],[-75.0252,40.05068],[-75.0254,40.05064],[-75.02568,40.05061],[-75.02607,40.05061],[-75.0262,40.05062],[-75.0262,40.05063],[-75.02628,40.05063],[-75.02629,40.05064],[-75.02635,40.05064],[-75.02636,40.05065],[-75.0264,40.05065],[-75.02648,40.05067],[-75.02652,40.05065],[-75.02654,40.05065],[-75.02657,40.05062],[-75.02657,40.05061],[-75.02669,40.05059],[-75.02676,40.05079],[-75.0292,40.05129],[-75.02951,40.05134],[-75.02998,40.05139],[-75.03021,40.05139],[-75.03042,40.05138],[-75.03061,40.05137],[-75.03077,40.05135],[-75.03094,40.05135],[-75.03114,40.05137],[-75.03144,40.05146],[-75.03155,40.05152],[-75.0317,40.05162],[-75.03185,40.05177],[-75.03194,40.05191],[-75.03199,40.05203],[-75.03222,40.05251],[-75.03228,40.05256],[-75.03235,40.0526],[-75.03255,40.05263],[-75.03263,40.05262],[-75.03276,40.05258],[-75.03322,40.0524],[-75.0337,40.05215],[-75.03413,40.05184],[-75.03443,40.05155],[-75.03459,40.05141],[-75.03479,40.0513],[-75.03501,40.05124],[-75.03525,40.05123],[-75.03551,40.05127],[-75.03566,40.05131],[-75.03586,40.05144],[-75.03595,40.05152],[-75.03602,40.05161],[-75.03607,40.05171],[-75.03611,40.05183],[-75.03612,40.05196],[-75.0361,40.05207],[-75.03606,40.05218],[-75.03589,40.05246],[-75.03587,40.05259],[-75.03587,40.05273],[-75.0359,40.05282],[-75.03596,40.05293],[-75.03604,40.05301],[-75.03613,40.05313],[-75.0362,40.05325],[-75.03628,40.05342],[-75.03633,40.05356],[-75.03636,40.05371],[-75.03637,40.05386],[-75.03636,40.05402],[-75.03631,40.05423],[-75.03628,40.05431],[-75.03623,40.05443],[-75.03615,40.05457],[-75.03596,40.05483],[-75.03523,40.05589],[-75.03443,40.05703],[-75.03433,40.05708],[-75.0345,40.05713],[-75.03475,40.05722],[-75.03487,40.05843],[-75.03371,40.06086],[-75.03362,40.06124],[-75.03356,40.0616],[-75.03353,40.06188],[-75.03352,40.0621],[-75.03392,40.06398],[-75.034,40.0643],[-75.0341,40.06453],[-75.03422,40.06474],[-75.03439,40.06497],[-75.03459,40.06521],[-75.03484,40.06547],[-75.04005,40.06842],[-75.0399,40.06872],[-75.03953,40.06937],[-75.03895,40.07006],[-75.03798,40.07109],[-75.03265,40.07657],[-75.03025,40.07907],[-75.02936,40.07997],[-75.02861,40.08078],[-75.02699,40.08242],[-75.02678,40.08267],[-75.0249,40.08461],[-75.02416,40.08536],[-75.02162,40.088],[-75.0186,40.09112],[-75.01672,40.09307],[-75.01523,40.09464],[-75.01503,40.09482],[-75.01374,40.0961],[-75.01307,40.09666],[-75.0122,40.09731],[-75.01195,40.09751],[-75.01024,40.09864],[-75.00955,40.09914],[-75.00836,40.09997],[-75.00491,40.10233],[-74.99683,40.10791],[-74.9964,40.10753],[-74.99477,40.10618],[-74.99434,40.10616],[-74.99405,40.10585],[-74.9938,40.10554],[-74.98914,40.1016],[-74.98851,40.10103],[-74.98655,40.09938],[-74.98637,40.09951],[-74.982,40.10246],[-74.98302,40.10336],[-74.98266,40.10355],[-74.98171,40.1041],[-74.98063,40.10479],[-74.97981,40.10544],[-74.97987,40.10554],[-74.97953,40.10576],[-74.97896,40.10618],[-74.97024,40.1131],[-74.97007,40.1132],[-74.96958,40.11591],[-74.96949,40.11604],[-74.96942,40.11611],[-74.96914,40.11628],[-74.96877,40.11646],[-74.96819,40.1168],[-74.9679,40.11701],[-74.96765,40.11729],[-74.96751,40.11739],[-74.96716,40.11759],[-74.96689,40.11772],[-74.96679,40.11775],[-74.96663,40.11778],[-74.96658,40.11777],[-74.96631,40.11768],[-74.96608,40.11758],[-74.966,40.11752],[-74.96576,40.11748],[-74.96509,40.11742],[-74.96461,40.1173],[-74.96443,40.11728]]]]}},{"type":"Feature","properties":{"name":"Lower North","abbrev":"LNO"},"geometry":{"type":"MultiPolygon","coordinates":[[[[-75.18686,40.00042],[-75.18696,40.00019],[-75.18703,39.99998],[-75.18759,39.99857],[-75.18761,39.9982],[-75.18655,39.99808],[-75.18503,39.99789],[-75.18344,39.99767],[-75.18234,39.99753],[-75.18179,39.99745],[-75.18019,39.99726],[-75.17799,39.99697],[-75.1775,39.99692],[-75.17554,39.99665],[-75.17442,39.99651],[-75.17395,39.99644],[-75.17236,39.99625],[-75.1702,39.99598],[-75.16973,39.99591],[-75.16861,39.99577],[-75.16814,39.9957],[-75.16482,39.99527],[-75.1641,39.99518],[-75.16354,39.99512],[-75.16255,39.99498],[-75.16132,39.99482],[-75.16095,39.99475],[-75.15992,39.9946],[-75.15937,39.99453],[-75.15881,39.99444],[-75.15836,39.99439],[-75.15779,39.99435],[-75.15679,39.99424],[-75.15623,39.99416],[-75.15505,39.99401],[-75.15502,39.994],[-75.15482,39.99398],[-75.1533,39.99378],[-75.15082,39.99347],[-75.14924,39.99326],[-75.14609,39.99286],[-75.14511,39.99272],[-75.143,39.99246],[-75.14151,39.99226],[-75.13735,39.99174],[-75.13616,39.99157],[-75.13487,39.99142],[-75.13434,39.99134],[-75.1329,39.99115],[-75.13196,39.99104],[-75.12703,39.9904],[-75.12595,39.99024],[-75.12584,39.99016],[-75.12549,39.98985],[-75.12597,39.98957],[-75.12644,39.98932],[-75.12737,39.9888],[-75.12795,39.98849],[-75.12964,39.98756],[-75.1308,39.98694],[-75.13191,39.98632],[-75.13191,39.98615],[-75.13252,39.98328],[-75.13255,39.98318],[-75.13288,39.98164],[-75.13288,39.98155],[-75.13319,39.98014],[-75.13303,39.9801],[-75.13045,39.9786],[-75.13117,39.97788],[-75.13124,39.9778],[-75.13136,39.97761],[-75.13267,39.97531],[-75.13338,39.9741],[-75.13377,39.9734],[-75.13406,39.97291],[-75.1343,39.97243],[-75.1344,39.97225],[-75.13442,39.97094],[-75.13444,39.97038],[-75.13443,39.9688],[-75.13515,39.9687],[-75.13574,39.9688],[-75.13679,39.969],[-75.13726,39.96908],[-75.139,39.96942],[-75.13958,39.96952],[-75.14237,39.96988],[-75.1431,39.96996],[-75.14586,39.97031],[-75.14655,39.97039],[-75.14715,39.96714],[-75.14869,39.96753],[-75.15052,39.96798],[-75.15098,39.96809],[-75.1515,39.96819],[-75.152,39.96831],[-75.15891,39.97002],[-75.15971,39.97021],[-75.16141,39.97044],[-75.16456,39.97083],[-75.16673,39.97109],[-75.16681,39.97111],[-75.16848,39.97132],[-75.1689,39.97136],[-75.16928,39.97142],[-75.17055,39.97158],[-75.17132,39.97166],[-75.17199,39.97174],[-75.17266,39.97183],[-75.17495,39.97211],[-75.17754,39.97245],[-75.17949,39.97269],[-75.18032,39.9728],[-75.18144,39.97293],[-75.18377,39.97323],[-75.18637,39.97355],[-75.18644,39.97368],[-75.19242,39.97387],[-75.19248,39.97404],[-75.1925,39.97407],[-75.19256,39.97423],[-75.19258,39.97426],[-75.1926,39.97433],[-75.19265,39.97442],[-75.19271,39.97459],[-75.19276,39.97468],[-75.19278,39.97475],[-75.19286,39.97491],[-75.19297,39.97517],[-75.19305,39.97533],[-75.19318,39.97555],[-75.19319,39.97558],[-75.19344,39.97594],[-75.19349,39.976],[-75.19352,39.97602],[-75.19354,39.97605],[-75.19368,39.97619],[-75.19386,39.97634],[-75.19387,39.97634],[-75.19392,39.97639],[-75.19396,39.97641],[-75.19414,39.97656],[-75.19427,39.97665],[-75.19436,39.97673],[-75.19449,39.97682],[-75.19458,39.9769],[-75.19462,39.97692],[-75.19474,39.97702],[-75.19481,39.97706],[-75.19484,39.97709],[-75.19491,39.97713],[-75.19494,39.97716],[-75.19504,39.97722],[-75.19507,39.97725],[-75.19521,39.97733],[-75.19531,39.9774],[-75.19578,39.97765],[-75.19582,39.97766],[-75.19597,39.97774],[-75.19601,39.97775],[-75.19612,39.97781],[-75.19616,39.97782],[-75.19639,39.97793],[-75.19655,39.97799],[-75.19662,39.97803],[-75.19666,39.97804],[-75.19686,39.97813],[-75.1969,39.97814],[-75.19705,39.97821],[-75.19717,39.97825],[-75.19756,39.97842],[-75.19768,39.97846],[-75.19807,39.97863],[-75.19823,39.97869],[-75.1983,39.97873],[-75.19834,39.97874],[-75.19846,39.9788],[-75.1985,39.97881],[-75.19876,39.97894],[-75.1988,39.97895],[-75.19895,39.97903],[-75.19899,39.97904],[-75.19914,39.97912],[-75.19918,39.97913],[-75.19929,39.97919],[-75.19933,39.9792],[-75.19948,39.97928],[-75.19952,39.97929],[-75.19967,39.97937],[-75.19971,39.97938],[-75.1999,39.97948],[-75.19994,39.97949],[-75.20012,39.97959],[-75.20024,39.97964],[-75.20068,39.97988],[-75.2011,39.98012],[-75.20123,39.98021],[-75.20134,39.98027],[-75.20137,39.9803],[-75.20147,39.98036],[-75.2015,39.98039],[-75.20157,39.98043],[-75.2016,39.98046],[-75.2017,39.98052],[-75.20179,39.9806],[-75.20196,39.98071],[-75.20205,39.98079],[-75.20218,39.98088],[-75.20233,39.98101],[-75.20237,39.98103],[-75.20243,39.98109],[-75.20267,39.98129],[-75.20269,39.98132],[-75.20281,39.98142],[-75.20295,39.98156],[-75.20298,39.98158],[-75.203,39.98161],[-75.20319,39.9818],[-75.20326,39.98189],[-75.20329,39.98191],[-75.20338,39.98203],[-75.20341,39.98205],[-75.20345,39.98211],[-75.20348,39.98214],[-75.2037,39.98247],[-75.20371,39.9825],[-75.20375,39.98256],[-75.20376,39.9826],[-75.20383,39.98272],[-75.20388,39.98286],[-75.2039,39.98289],[-75.20394,39.98299],[-75.20397,39.98309],[-75.20399,39.98312],[-75.20406,39.98336],[-75.20409,39.98342],[-75.20412,39.98353],[-75.20412,39.98356],[-75.20424,39.98396],[-75.20424,39.98399],[-75.20428,39.98413],[-75.20428,39.98417],[-75.20432,39.98434],[-75.20432,39.98438],[-75.20434,39.98448],[-75.20434,39.98455],[-75.20435,39.98459],[-75.20435,39.98472],[-75.20436,39.98476],[-75.20435,39.98479],[-75.20435,39.98493],[-75.20434,39.98496],[-75.20433,39.98506],[-75.20431,39.98513],[-75.20431,39.98516],[-75.20429,39.98522],[-75.20423,39.98534],[-75.20417,39.98543],[-75.20414,39.98546],[-75.2041,39.98552],[-75.20404,39.98557],[-75.20396,39.98566],[-75.20293,39.98653],[-75.20287,39.98657],[-75.20284,39.9866],[-75.2028,39.98662],[-75.20259,39.9868],[-75.20246,39.98689],[-75.20237,39.98697],[-75.20231,39.98701],[-75.20228,39.98704],[-75.20224,39.98706],[-75.20215,39.98714],[-75.20203,39.98723],[-75.20026,39.9888],[-75.20018,39.98889],[-75.20012,39.98894],[-75.19997,39.98911],[-75.19994,39.98913],[-75.19984,39.98925],[-75.19981,39.98927],[-75.19979,39.9893],[-75.19968,39.98941],[-75.19966,39.98944],[-75.19955,39.98955],[-75.19953,39.98958],[-75.19942,39.98969],[-75.19927,39.98986],[-75.19924,39.98988],[-75.19917,39.98997],[-75.19896,39.99019],[-75.19889,39.99028],[-75.19881,39.99036],[-75.19874,39.99045],[-75.19869,39.9905],[-75.19857,39.99065],[-75.19854,39.99067],[-75.19842,39.99082],[-75.19839,39.99084],[-75.19835,39.9909],[-75.19822,39.99104],[-75.1981,39.99119],[-75.19807,39.99121],[-75.19798,39.99133],[-75.1979,39.99141],[-75.19783,39.9915],[-75.1978,39.99152],[-75.1977,39.99164],[-75.19767,39.99166],[-75.1976,39.99175],[-75.19749,39.99186],[-75.19747,39.99189],[-75.19744,39.99191],[-75.19737,39.992],[-75.19731,39.99205],[-75.19729,39.99208],[-75.19723,39.99213],[-75.19721,39.99216],[-75.19699,39.99238],[-75.19696,39.9924],[-75.19691,39.99246],[-75.19688,39.99248],[-75.19674,39.99262],[-75.19665,39.99269],[-75.1966,39.99275],[-75.19534,39.9938],[-75.19528,39.99386],[-75.19495,39.99413],[-75.19475,39.99432],[-75.19466,39.99439],[-75.19461,39.99445],[-75.19449,39.99455],[-75.19444,39.99461],[-75.19441,39.99463],[-75.19436,39.99469],[-75.1943,39.99474],[-75.19428,39.99477],[-75.19425,39.99479],[-75.19417,39.99488],[-75.19414,39.9949],[-75.19407,39.99499],[-75.19386,39.99521],[-75.1938,39.99529],[-75.19364,39.99547],[-75.19353,39.99562],[-75.19348,39.99567],[-75.19344,39.99573],[-75.19341,39.99576],[-75.19305,39.99627],[-75.19304,39.9963],[-75.19298,39.99639],[-75.19293,39.99649],[-75.19289,39.99655],[-75.1927,39.99693],[-75.19269,39.99697],[-75.19264,39.99706],[-75.19263,39.9971],[-75.19252,39.99732],[-75.19247,39.99745],[-75.19243,39.99751],[-75.19242,39.99755],[-75.19237,39.99764],[-75.19236,39.99768],[-75.19234,39.99771],[-75.19226,39.99797],[-75.19226,39.99801],[-75.19218,39.99827],[-75.19217,39.99834],[-75.19206,39.99871],[-75.19205,39.99878],[-75.19197,39.99904],[-75.19197,39.99908],[-75.1919,39.99931],[-75.1919,39.99934],[-75.19185,39.99951],[-75.19185,39.99955],[-75.19183,39.99962],[-75.19082,39.99957],[-75.18958,39.9999],[-75.18882,40.00021],[-75.18845,40.00028],[-75.18812,40.00028],[-75.18775,40.00026],[-75.18751,40.00026],[-75.18734,40.00027],[-75.1872,40.0003],[-75.18695,40.00037],[-75.18686,40.00042]]]]}},{"type":"Feature","properties":{"name":"Lower Northeast","abbrev":"LNE"},"geometry":{"type":"MultiPolygon","coordinates":[[[[-75.09223,40.05355],[-75.09213,40.05319],[-75.09199,40.05325],[-75.09193,40.05324],[-75.09122,40.05285],[-75.09013,40.05223],[-75.08835,40.05124],[-75.08815,40.05144],[-75.08781,40.0518],[-75.08634,40.05099],[-75.0862,40.05092],[-75.08609,40.05088],[-75.08599,40.05089],[-75.08617,40.05003],[-75.08289,40.04821],[-75.08199,40.0477],[-75.08195,40.04769],[-75.08099,40.04714],[-75.0754,40.04404],[-75.07437,40.04346],[-75.07384,40.04318],[-75.07325,40.04381],[-75.07265,40.0444],[-75.07225,40.04417],[-75.07161,40.04383],[-75.07035,40.04311],[-75.06946,40.04263],[-75.06922,40.04249],[-75.06799,40.04181],[-75.06707,40.04131],[-75.06676,40.04112],[-75.06643,40.04095],[-75.06609,40.04074],[-75.06558,40.04045],[-75.06344,40.03928],[-75.06269,40.03884],[-75.06108,40.03796],[-75.06141,40.03765],[-75.06183,40.03731],[-75.06212,40.03711],[-75.06254,40.03688],[-75.0629,40.03671],[-75.0632,40.03659],[-75.06357,40.03649],[-75.06437,40.03632],[-75.06767,40.03554],[-75.0711,40.03475],[-75.07123,40.03458],[-75.07147,40.03414],[-75.07183,40.03351],[-75.072,40.03319],[-75.07225,40.03277],[-75.07248,40.03234],[-75.07346,40.03039],[-75.07374,40.02979],[-75.07433,40.02848],[-75.07549,40.02708],[-75.07514,40.02686],[-75.07327,40.02539],[-75.06985,40.02246],[-75.06909,40.02191],[-75.06863,40.02152],[-75.06512,40.01752],[-75.06432,40.01659],[-75.06339,40.01553],[-75.06306,40.01517],[-75.06103,40.01286],[-75.06166,40.01269],[-75.0636,40.01224],[-75.06524,40.01184],[-75.06557,40.01177],[-75.0672,40.01137],[-75.06753,40.0113],[-75.07058,40.01054],[-75.07129,40.01037],[-75.07171,40.01026],[-75.07227,40.01013],[-75.07324,40.00988],[-75.07428,40.00963],[-75.07652,40.00907],[-75.07748,40.00884],[-75.07813,40.00867],[-75.07845,40.0086],[-75.07846,40.00859],[-75.07878,40.00851],[-75.08237,40.00763],[-75.08269,40.00754],[-75.08302,40.00746],[-75.08309,40.00745],[-75.08367,40.0073],[-75.08465,40.00707],[-75.0853,40.00689],[-75.08593,40.00669],[-75.08655,40.00647],[-75.08686,40.00635],[-75.08745,40.00609],[-75.08774,40.00594],[-75.08801,40.00578],[-75.08851,40.00542],[-75.08877,40.00525],[-75.08904,40.00509],[-75.08929,40.00491],[-75.08952,40.00472],[-75.08998,40.00432],[-75.09015,40.00416],[-75.09085,40.00441],[-75.09098,40.00445],[-75.09141,40.00456],[-75.09184,40.00474],[-75.0921,40.00488],[-75.09222,40.00504],[-75.09234,40.00518],[-75.0926,40.00541],[-75.09283,40.00571],[-75.09291,40.00587],[-75.09285,40.00614],[-75.09276,40.00638],[-75.09254,40.00662],[-75.09232,40.00679],[-75.09216,40.007],[-75.09212,40.00723],[-75.09222,40.00752],[-75.09258,40.00794],[-75.09296,40.00827],[-75.09371,40.00871],[-75.09428,40.00907],[-75.09462,40.00927],[-75.09479,40.00945],[-75.09491,40.00964],[-75.09511,40.01024],[-75.09498,40.01052],[-75.09439,40.01135],[-75.0943,40.01149],[-75.09406,40.01183],[-75.09369,40.0124],[-75.09358,40.01259],[-75.09351,40.01274],[-75.09348,40.01287],[-75.09346,40.01301],[-75.09347,40.01314],[-75.0935,40.01328],[-75.09357,40.01347],[-75.0937,40.01371],[-75.09382,40.01391],[-75.09421,40.01453],[-75.0943,40.01466],[-75.09441,40.01479],[-75.09449,40.01487],[-75.0946,40.01497],[-75.09475,40.01509],[-75.09508,40.01532],[-75.09604,40.01587],[-75.09617,40.01591],[-75.09649,40.01597],[-75.09671,40.01599],[-75.09727,40.01599],[-75.09751,40.01601],[-75.0978,40.01605],[-75.09798,40.01611],[-75.09819,40.01621],[-75.09845,40.0163],[-75.09864,40.01635],[-75.09888,40.01635],[-75.09896,40.01636],[-75.09945,40.0163],[-75.0999,40.01621],[-75.1004,40.01609],[-75.1006,40.01605],[-75.10133,40.01602],[-75.10177,40.01604],[-75.10205,40.01602],[-75.10229,40.01598],[-75.10255,40.01597],[-75.10288,40.016],[-75.10332,40.01608],[-75.10366,40.01612],[-75.10437,40.01615],[-75.10469,40.01614],[-75.10499,40.01617],[-75.10542,40.01626],[-75.10566,40.01628],[-75.10586,40.01628],[-75.10667,40.01645],[-75.10707,40.0167],[-75.10722,40.01678],[-75.10734,40.01686],[-75.10744,40.01697],[-75.1075,40.01707],[-75.10754,40.01723],[-75.10755,40.01743],[-75.10745,40.01779],[-75.1074,40.0179],[-75.10725,40.01809],[-75.10703,40.01829],[-75.10689,40.01836],[-75.10603,40.0187],[-75.10586,40.01879],[-75.10576,40.01885],[-75.10569,40.01894],[-75.10561,40.01909],[-75.1055,40.01921],[-75.10534,40.01929],[-75.10514,40.01934],[-75.10491,40.01936],[-75.10422,40.01935],[-75.10413,40.01936],[-75.10399,40.01939],[-75.10384,40.01944],[-75.10375,40.0195],[-75.1037,40.01967],[-75.10359,40.02024],[-75.10345,40.02074],[-75.10337,40.02086],[-75.10317,40.02098],[-75.10315,40.02109],[-75.10316,40.02121],[-75.1032,40.02136],[-75.10336,40.02175],[-75.10359,40.0222],[-75.10365,40.02234],[-75.10377,40.02249],[-75.1039,40.0226],[-75.1041,40.02281],[-75.10421,40.02294],[-75.10419,40.02303],[-75.1042,40.02313],[-75.10423,40.02321],[-75.10429,40.02331],[-75.10449,40.02349],[-75.10478,40.02361],[-75.10492,40.02361],[-75.10507,40.02355],[-75.10511,40.02348],[-75.10518,40.0234],[-75.1054,40.02303],[-75.10548,40.02299],[-75.10567,40.02295],[-75.10585,40.02295],[-75.10605,40.02297],[-75.10614,40.02301],[-75.1066,40.02328],[-75.10674,40.02334],[-75.10686,40.02336],[-75.107,40.02334],[-75.10709,40.02331],[-75.10737,40.02315],[-75.10752,40.02311],[-75.10767,40.02311],[-75.10778,40.02304],[-75.10792,40.023],[-75.10801,40.02295],[-75.10807,40.0229],[-75.10809,40.02282],[-75.10808,40.02272],[-75.10817,40.02262],[-75.10847,40.02242],[-75.10862,40.02231],[-75.1088,40.02224],[-75.10908,40.02219],[-75.10937,40.02215],[-75.10969,40.02217],[-75.10982,40.02222],[-75.10998,40.02224],[-75.11018,40.02229],[-75.11044,40.02234],[-75.1107,40.02242],[-75.11085,40.02251],[-75.11094,40.02265],[-75.11099,40.0228],[-75.111,40.0229],[-75.11103,40.02304],[-75.11119,40.02326],[-75.11125,40.02336],[-75.11133,40.02352],[-75.11137,40.02362],[-75.11136,40.02374],[-75.11152,40.0244],[-75.11155,40.02455],[-75.11155,40.02468],[-75.11152,40.02478],[-75.11146,40.02493],[-75.11138,40.02533],[-75.11137,40.02551],[-75.11143,40.02559],[-75.11149,40.02565],[-75.11167,40.02571],[-75.11185,40.02573],[-75.11201,40.02576],[-75.1122,40.02582],[-75.1124,40.02589],[-75.11254,40.02595],[-75.11264,40.02604],[-75.1127,40.02615],[-75.11274,40.02627],[-75.11281,40.02687],[-75.11286,40.02708],[-75.11288,40.02731],[-75.11289,40.02734],[-75.11289,40.02761],[-75.11283,40.0277],[-75.11276,40.02774],[-75.11229,40.02796],[-75.11212,40.028],[-75.11189,40.02802],[-75.11177,40.02804],[-75.11165,40.0281],[-75.1115,40.02823],[-75.1112,40.02859],[-75.11109,40.02873],[-75.11102,40.02884],[-75.11094,40.02914],[-75.11088,40.02953],[-75.11092,40.02966],[-75.11105,40.02996],[-75.11112,40.03017],[-75.11114,40.03029],[-75.11113,40.03049],[-75.11116,40.03092],[-75.11115,40.03099],[-75.11111,40.03114],[-75.11109,40.0313],[-75.11107,40.03139],[-75.11105,40.03166],[-75.11099,40.032],[-75.11098,40.03216],[-75.11094,40.03234],[-75.11088,40.03254],[-75.11086,40.0328],[-75.11083,40.03289],[-75.11074,40.03307],[-75.11073,40.03317],[-75.11076,40.03332],[-75.11096,40.03379],[-75.11111,40.0341],[-75.11119,40.03424],[-75.1113,40.03435],[-75.11132,40.03438],[-75.11148,40.03453],[-75.11185,40.0348],[-75.112,40.03494],[-75.11211,40.03511],[-75.11218,40.03529],[-75.11223,40.03546],[-75.1123,40.03559],[-75.11235,40.03574],[-75.11272,40.03615],[-75.11288,40.03631],[-75.11316,40.03651],[-75.11327,40.03658],[-75.1135,40.03682],[-75.11362,40.03697],[-75.11374,40.03715],[-75.11381,40.03727],[-75.11392,40.03753],[-75.11405,40.03802],[-75.11409,40.03813],[-75.1141,40.03838],[-75.11411,40.03848],[-75.11413,40.03855],[-75.1142,40.03866],[-75.11425,40.03876],[-75.11425,40.03885],[-75.11428,40.039],[-75.11435,40.03908],[-75.11446,40.03924],[-75.11453,40.03949],[-75.11455,40.03959],[-75.11453,40.03987],[-75.11446,40.03997],[-75.11438,40.04003],[-75.11422,40.04023],[-75.11412,40.04039],[-75.11401,40.04051],[-75.11392,40.04063],[-75.11378,40.04089],[-75.11373,40.04105],[-75.11365,40.04117],[-75.1136,40.04128],[-75.11349,40.04143],[-75.11332,40.04164],[-75.11306,40.04189],[-75.11284,40.04208],[-75.11275,40.04218],[-75.11271,40.04229],[-75.11264,40.04243],[-75.11257,40.0426],[-75.11247,40.0429],[-75.11229,40.04337],[-75.11222,40.04345],[-75.11211,40.04361],[-75.11199,40.04375],[-75.11185,40.04385],[-75.11174,40.04394],[-75.11157,40.04405],[-75.11119,40.04432],[-75.11114,40.04444],[-75.11112,40.04453],[-75.11112,40.0447],[-75.11119,40.045],[-75.11125,40.04535],[-75.11127,40.04591],[-75.11129,40.04602],[-75.11132,40.04612],[-75.11132,40.04618],[-75.11129,40.04624],[-75.11122,40.04664],[-75.11116,40.04674],[-75.11107,40.04682],[-75.10927,40.04579],[-75.10891,40.04614],[-75.10905,40.04622],[-75.10811,40.04718],[-75.10821,40.04724],[-75.10743,40.04803],[-75.10765,40.04815],[-75.10749,40.04834],[-75.10631,40.0493],[-75.10075,40.0526],[-75.10017,40.05296],[-75.09983,40.05316],[-75.09936,40.05332],[-75.09911,40.05357],[-75.0988,40.05372],[-75.09847,40.0539],[-75.09767,40.05437],[-75.09651,40.05518],[-75.09576,40.05564],[-75.09512,40.05595],[-75.09362,40.05743],[-75.09334,40.05702],[-75.09299,40.05661],[-75.09281,40.05634],[-75.09264,40.05558],[-75.09253,40.05548],[-75.09257,40.05538],[-75.09258,40.0553],[-75.09239,40.05437],[-75.09223,40.05355]]]]}},{"type":"Feature","properties":{"name":"Lower Northwest","abbrev":"LNW"},"geometry":{"type":"MultiPolygon","coordinates":[[[[-75.26451,40.05404],[-75.25991,40.05821],[-75.24329,40.0735],[-75.24307,40.07371],[-75.23056,40.08607],[-75.2286,40.08488],[-75.22797,40.08435],[-75.22802,40.08435],[-75.22843,40.08411],[-75.22865,40.08405],[-75.22899,40.08401],[-75.22941,40.08394],[-75.22985,40.08384],[-75.23059,40.08362],[-75.23083,40.08349],[-75.23102,40.08341],[-75.23114,40.08327],[-75.2312,40.08314],[-75.23121,40.08299],[-75.23116,40.08288],[-75.23098,40.0828],[-75.23078,40.08274],[-75.23056,40.08272],[-75.23035,40.08268],[-75.23018,40.0827],[-75.22994,40.08269],[-75.22977,40.08263],[-75.22953,40.08256],[-75.22927,40.08239],[-75.22859,40.08214],[-75.22807,40.08191],[-75.22766,40.08172],[-75.22735,40.08148],[-75.22704,40.08128],[-75.22681,40.08105],[-75.22649,40.08076],[-75.22625,40.08047],[-75.22605,40.0802],[-75.22595,40.08004],[-75.2259,40.07985],[-75.22574,40.07959],[-75.22552,40.07932],[-75.22534,40.079],[-75.22519,40.07877],[-75.22479,40.07806],[-75.22468,40.0777],[-75.22431,40.0769],[-75.22407,40.07657],[-75.2238,40.07614],[-75.22361,40.07575],[-75.22348,40.07546],[-75.22337,40.07516],[-75.22312,40.0747],[-75.22302,40.07441],[-75.22301,40.07416],[-75.22307,40.07392],[-75.22322,40.07366],[-75.22341,40.07349],[-75.22394,40.07315],[-75.22444,40.0729],[-75.22475,40.07273],[-75.22509,40.07253],[-75.22536,40.07236],[-75.22542,40.07219],[-75.22556,40.07205],[-75.22563,40.07181],[-75.2256,40.07163],[-75.22548,40.07148],[-75.22534,40.07139],[-75.22494,40.07108],[-75.22467,40.07089],[-75.22392,40.07041],[-75.22354,40.07013],[-75.22324,40.06992],[-75.22304,40.06972],[-75.22284,40.06959],[-75.22265,40.06942],[-75.22253,40.06929],[-75.22245,40.06914],[-75.22228,40.069],[-75.22207,40.06881],[-75.2213,40.06817],[-75.22092,40.06778],[-75.22073,40.06749],[-75.22058,40.0673],[-75.22051,40.06716],[-75.22048,40.06701],[-75.22041,40.06676],[-75.22035,40.06649],[-75.2204,40.06627],[-75.22047,40.06611],[-75.22076,40.06583],[-75.22104,40.06562],[-75.22151,40.06529],[-75.22192,40.06505],[-75.22252,40.06484],[-75.22301,40.06471],[-75.22328,40.0646],[-75.22345,40.06447],[-75.22352,40.06431],[-75.22357,40.06407],[-75.22353,40.06388],[-75.2234,40.06373],[-75.22289,40.06321],[-75.22263,40.06292],[-75.2224,40.06262],[-75.22223,40.06237],[-75.22209,40.06192],[-75.22187,40.06129],[-75.22151,40.06062],[-75.22135,40.0604],[-75.22118,40.06021],[-75.22101,40.06009],[-75.2208,40.05999],[-75.22064,40.05984],[-75.22048,40.05963],[-75.22036,40.05939],[-75.22027,40.05912],[-75.22001,40.05867],[-75.21983,40.0583],[-75.21965,40.05802],[-75.21939,40.05782],[-75.21921,40.05771],[-75.21894,40.05736],[-75.2187,40.05714],[-75.21854,40.05695],[-75.21841,40.05677],[-75.2183,40.05666],[-75.21816,40.0564],[-75.21796,40.05611],[-75.21787,40.05582],[-75.21785,40.0555],[-75.21783,40.0554],[-75.21777,40.05479],[-75.21767,40.05442],[-75.21755,40.05388],[-75.21741,40.0534],[-75.21722,40.05304],[-75.21701,40.05271],[-75.21679,40.05251],[-75.21633,40.05221],[-75.21578,40.05188],[-75.21542,40.05162],[-75.21502,40.05123],[-75.21478,40.05102],[-75.21452,40.05069],[-75.2145,40.05068],[-75.21405,40.04985],[-75.21392,40.04953],[-75.21379,40.04911],[-75.21367,40.04882],[-75.21351,40.04861],[-75.21333,40.04844],[-75.21313,40.04832],[-75.21298,40.04819],[-75.21261,40.0479],[-75.21238,40.04779],[-75.21215,40.04764],[-75.21195,40.04747],[-75.21177,40.04733],[-75.21165,40.04721],[-75.21159,40.04711],[-75.21158,40.04695],[-75.21166,40.04684],[-75.21185,40.04647],[-75.21195,40.04622],[-75.21211,40.04576],[-75.21218,40.04487],[-75.21219,40.04458],[-75.21215,40.04403],[-75.21205,40.04378],[-75.21193,40.04344],[-75.21179,40.04319],[-75.21156,40.04301],[-75.21135,40.04275],[-75.21106,40.04231],[-75.21091,40.04203],[-75.21086,40.04185],[-75.21084,40.04163],[-75.21048,40.04066],[-75.21016,40.04027],[-75.21002,40.03995],[-75.20981,40.03968],[-75.20956,40.03932],[-75.20932,40.039],[-75.20913,40.0388],[-75.20887,40.03848],[-75.20865,40.03832],[-75.20838,40.03815],[-75.20773,40.03778],[-75.20722,40.03742],[-75.20698,40.03712],[-75.20677,40.03691],[-75.20654,40.03654],[-75.20648,40.03632],[-75.20638,40.03611],[-75.20614,40.03582],[-75.20609,40.03568],[-75.20607,40.03546],[-75.20602,40.03531],[-75.20587,40.03516],[-75.2057,40.03503],[-75.20547,40.03491],[-75.2052,40.03485],[-75.20486,40.0348],[-75.2043,40.03467],[-75.20403,40.03465],[-75.20375,40.03465],[-75.20351,40.03469],[-75.20322,40.03479],[-75.20309,40.03489],[-75.20292,40.03506],[-75.20257,40.03551],[-75.20239,40.03569],[-75.20226,40.03586],[-75.20215,40.03606],[-75.20203,40.03623],[-75.20179,40.0364],[-75.20156,40.03646],[-75.20135,40.03644],[-75.2012,40.03637],[-75.2011,40.03627],[-75.20096,40.03611],[-75.20089,40.03601],[-75.20086,40.03594],[-75.20085,40.03584],[-75.2009,40.03571],[-75.20087,40.0356],[-75.20078,40.03547],[-75.20066,40.03527],[-75.20045,40.03501],[-75.20029,40.03474],[-75.2002,40.03442],[-75.2001,40.03415],[-75.19999,40.03378],[-75.20003,40.03362],[-75.20015,40.03325],[-75.20021,40.03303],[-75.20024,40.03286],[-75.20023,40.03276],[-75.20017,40.03266],[-75.19998,40.03252],[-75.19945,40.0322],[-75.19921,40.03201],[-75.1989,40.03184],[-75.19865,40.03169],[-75.19834,40.03137],[-75.19823,40.03122],[-75.1981,40.03098],[-75.19809,40.03076],[-75.1981,40.03055],[-75.19817,40.03029],[-75.1982,40.03003],[-75.19824,40.0298],[-75.1983,40.02959],[-75.19829,40.02926],[-75.19819,40.02893],[-75.19803,40.02855],[-75.19777,40.0281],[-75.19749,40.02806],[-75.19721,40.02792],[-75.19688,40.02772],[-75.1967,40.02768],[-75.19647,40.02766],[-75.19625,40.02769],[-75.19595,40.02776],[-75.19569,40.02778],[-75.19499,40.02777],[-75.19479,40.02779],[-75.19406,40.028],[-75.19391,40.02805],[-75.19376,40.02808],[-75.19357,40.0281],[-75.19339,40.02807],[-75.19322,40.02799],[-75.19303,40.02786],[-75.19276,40.02752],[-75.19276,40.02762],[-75.19273,40.02767],[-75.19266,40.0277],[-75.19255,40.02773],[-75.19237,40.02775],[-75.19225,40.02779],[-75.19209,40.02783],[-75.19179,40.02796],[-75.19163,40.028],[-75.19149,40.028],[-75.19126,40.02795],[-75.191,40.02799],[-75.1909,40.02804],[-75.19086,40.02808],[-75.19082,40.02814],[-75.19081,40.02821],[-75.19082,40.02835],[-75.19084,40.02841],[-75.19106,40.02858],[-75.19127,40.02869],[-75.19132,40.02877],[-75.19132,40.02889],[-75.19128,40.02895],[-75.19101,40.0292],[-75.1908,40.02941],[-75.19073,40.02947],[-75.19064,40.02953],[-75.19042,40.0296],[-75.19013,40.02966],[-75.18985,40.02977],[-75.18945,40.02984],[-75.18917,40.02999],[-75.189,40.03014],[-75.18895,40.03021],[-75.18891,40.03038],[-75.1888,40.03106],[-75.18873,40.03137],[-75.18867,40.03158],[-75.18853,40.03147],[-75.18778,40.03078],[-75.18738,40.03043],[-75.1862,40.02948],[-75.18547,40.02888],[-75.17296,40.01813],[-75.17244,40.01772],[-75.17292,40.01756],[-75.17331,40.01742],[-75.17386,40.01719],[-75.17457,40.01686],[-75.17576,40.01616],[-75.17644,40.01575],[-75.17718,40.01532],[-75.18012,40.01331],[-75.18119,40.01255],[-75.18206,40.01195],[-75.18244,40.01171],[-75.18325,40.01124],[-75.18382,40.01096],[-75.18491,40.01051],[-75.18688,40.00986],[-75.18734,40.00977],[-75.18863,40.00933],[-75.18966,40.00899],[-75.19052,40.00841],[-75.19134,40.00791],[-75.19154,40.00778],[-75.19223,40.00723],[-75.19187,40.00699],[-75.1916,40.00661],[-75.19248,40.00649],[-75.19253,40.00655],[-75.19265,40.00665],[-75.19275,40.00671],[-75.19278,40.00674],[-75.19292,40.00682],[-75.193,40.00686],[-75.19304,40.00687],[-75.19345,40.00708],[-75.19349,40.00709],[-75.19367,40.00719],[-75.19375,40.00723],[-75.19379,40.00724],[-75.19397,40.00734],[-75.19401,40.00735],[-75.19436,40.00751],[-75.1946,40.0076],[-75.19468,40.00762],[-75.19484,40.00768],[-75.19513,40.00776],[-75.19517,40.00778],[-75.19567,40.00791],[-75.19571,40.00793],[-75.19609,40.00802],[-75.19613,40.00804],[-75.19647,40.00812],[-75.19651,40.00814],[-75.19681,40.00821],[-75.19685,40.00823],[-75.19702,40.00827],[-75.19706,40.00829],[-75.19735,40.00837],[-75.19739,40.00839],[-75.19741,40.00839],[-75.19751,40.00842],[-75.19755,40.00844],[-75.19763,40.00846],[-75.19775,40.00851],[-75.19784,40.00853],[-75.19788,40.00855],[-75.19796,40.00857],[-75.19808,40.00862],[-75.19816,40.00864],[-75.19848,40.00876],[-75.19865,40.00881],[-75.19869,40.00883],[-75.19877,40.00885],[-75.19881,40.00887],[-75.19889,40.00889],[-75.19905,40.00895],[-75.19918,40.00898],[-75.19922,40.009],[-75.19934,40.00903],[-75.19938,40.00905],[-75.19972,40.00914],[-75.19976,40.00916],[-75.20013,40.00926],[-75.20017,40.00928],[-75.20038,40.00933],[-75.20042,40.00935],[-75.20055,40.00938],[-75.20059,40.0094],[-75.20092,40.00949],[-75.20108,40.00955],[-75.20121,40.00958],[-75.20125,40.0096],[-75.20145,40.00966],[-75.20157,40.00971],[-75.20178,40.00977],[-75.2019,40.00982],[-75.20198,40.00984],[-75.20302,40.01023],[-75.20309,40.01027],[-75.20333,40.01036],[-75.20352,40.01045],[-75.20368,40.01051],[-75.20379,40.01057],[-75.20395,40.01063],[-75.20406,40.01069],[-75.2041,40.0107],[-75.20421,40.01076],[-75.20425,40.01077],[-75.2044,40.01085],[-75.20444,40.01086],[-75.20478,40.01103],[-75.20492,40.01111],[-75.205,40.01114],[-75.20547,40.0114],[-75.20554,40.01144],[-75.20556,40.01146],[-75.20568,40.01152],[-75.20578,40.01159],[-75.20596,40.01169],[-75.206,40.01172],[-75.20603,40.01173],[-75.20606,40.01176],[-75.20616,40.01182],[-75.20631,40.0119],[-75.20634,40.01193],[-75.20672,40.01216],[-75.20675,40.01219],[-75.20689,40.01227],[-75.20692,40.0123],[-75.20716,40.01245],[-75.20722,40.0125],[-75.20773,40.01283],[-75.20776,40.01286],[-75.20786,40.01292],[-75.20789,40.01295],[-75.20803,40.01303],[-75.20806,40.01306],[-75.20817,40.01313],[-75.2082,40.01314],[-75.20823,40.01317],[-75.20837,40.01325],[-75.2084,40.01328],[-75.20858,40.01338],[-75.20871,40.01347],[-75.209,40.01363],[-75.20908,40.01366],[-75.20933,40.0138],[-75.20945,40.01385],[-75.20959,40.01393],[-75.20982,40.01404],[-75.21007,40.01418],[-75.21015,40.01421],[-75.21044,40.01437],[-75.21052,40.0144],[-75.21092,40.01462],[-75.21131,40.01484],[-75.21134,40.01487],[-75.21166,40.01505],[-75.21176,40.01512],[-75.21187,40.01518],[-75.21204,40.01529],[-75.2121,40.01534],[-75.21217,40.01538],[-75.2122,40.01541],[-75.21227,40.01545],[-75.21272,40.01582],[-75.21281,40.0159],[-75.21286,40.01596],[-75.21295,40.01603],[-75.21297,40.01606],[-75.21303,40.01611],[-75.21317,40.01625],[-75.21319,40.01628],[-75.21325,40.01633],[-75.2133,40.01639],[-75.21333,40.01641],[-75.21335,40.01644],[-75.21349,40.01658],[-75.21351,40.01661],[-75.21357,40.01666],[-75.21372,40.01683],[-75.21375,40.01685],[-75.21385,40.01697],[-75.21388,40.01699],[-75.2139,40.01702],[-75.21401,40.01713],[-75.21408,40.01722],[-75.21411,40.01724],[-75.21423,40.01739],[-75.21426,40.01741],[-75.2144,40.01759],[-75.21443,40.01761],[-75.21457,40.01779],[-75.21462,40.01784],[-75.21479,40.01805],[-75.21489,40.01816],[-75.21493,40.01822],[-75.21501,40.0183],[-75.21508,40.01839],[-75.21531,40.01864],[-75.21538,40.01873],[-75.21541,40.01875],[-75.21556,40.01892],[-75.21562,40.01897],[-75.21564,40.019],[-75.2157,40.01905],[-75.21575,40.01911],[-75.21578,40.01913],[-75.21586,40.01921],[-75.21587,40.01921],[-75.21592,40.01927],[-75.21652,40.01977],[-75.21659,40.01981],[-75.21674,40.01994],[-75.21681,40.01998],[-75.2169,40.02006],[-75.21697,40.0201],[-75.21706,40.02018],[-75.21719,40.02027],[-75.21731,40.02037],[-75.21735,40.02039],[-75.21747,40.02049],[-75.21754,40.02053],[-75.21763,40.02061],[-75.21776,40.0207],[-75.21779,40.02073],[-75.21795,40.02084],[-75.21798,40.02087],[-75.21805,40.02091],[-75.21814,40.02099],[-75.21824,40.02105],[-75.21827,40.02108],[-75.21834,40.02112],[-75.21837,40.02115],[-75.21844,40.02119],[-75.21847,40.02122],[-75.21867,40.02135],[-75.2187,40.02138],[-75.21884,40.02146],[-75.21887,40.02149],[-75.21907,40.02162],[-75.21936,40.02178],[-75.2194,40.02181],[-75.21962,40.02192],[-75.21966,40.02193],[-75.21973,40.02197],[-75.21977,40.02198],[-75.21985,40.02202],[-75.22001,40.02207],[-75.22005,40.02209],[-75.22017,40.02212],[-75.22022,40.02214],[-75.22051,40.02221],[-75.22055,40.02223],[-75.22076,40.02228],[-75.22085,40.02229],[-75.22162,40.02247],[-75.22167,40.02247],[-75.22185,40.0225],[-75.2221,40.02256],[-75.22218,40.02259],[-75.22242,40.02273],[-75.22248,40.02278],[-75.22265,40.02289],[-75.22277,40.02299],[-75.22281,40.02301],[-75.2229,40.02309],[-75.22309,40.02323],[-75.22324,40.02336],[-75.22334,40.02343],[-75.22337,40.02346],[-75.22353,40.02357],[-75.22356,40.0236],[-75.22374,40.0237],[-75.22377,40.02373],[-75.22391,40.02381],[-75.22393,40.02381],[-75.22395,40.02383],[-75.22402,40.02387],[-75.2241,40.0239],[-75.22437,40.02406],[-75.22671,40.02536],[-75.22679,40.02539],[-75.22751,40.02579],[-75.2277,40.02588],[-75.22795,40.02602],[-75.22814,40.02611],[-75.22828,40.02619],[-75.22851,40.0263],[-75.22869,40.0264],[-75.22877,40.02643],[-75.22895,40.02653],[-75.22899,40.02654],[-75.2294,40.02675],[-75.22944,40.02676],[-75.22978,40.02693],[-75.22982,40.02694],[-75.22989,40.02698],[-75.22993,40.02699],[-75.23005,40.02705],[-75.23009,40.02706],[-75.23016,40.0271],[-75.23032,40.02716],[-75.23055,40.02727],[-75.23059,40.02728],[-75.23082,40.02739],[-75.23086,40.0274],[-75.23097,40.02746],[-75.23101,40.02747],[-75.23119,40.02757],[-75.23127,40.0276],[-75.23178,40.02788],[-75.23199,40.028],[-75.23209,40.02807],[-75.23227,40.02817],[-75.2323,40.0282],[-75.23244,40.02828],[-75.23247,40.02831],[-75.23257,40.02837],[-75.2326,40.0284],[-75.23267,40.02844],[-75.2327,40.02847],[-75.23283,40.02856],[-75.23337,40.02901],[-75.23371,40.02933],[-75.23389,40.02948],[-75.23394,40.02954],[-75.2343,40.02984],[-75.23437,40.02988],[-75.23446,40.02996],[-75.23453,40.03],[-75.23456,40.03003],[-75.23466,40.03009],[-75.23469,40.03012],[-75.23479,40.03018],[-75.23482,40.03021],[-75.23513,40.0304],[-75.23516,40.03043],[-75.23534,40.03053],[-75.23544,40.0306],[-75.23565,40.03072],[-75.23568,40.03075],[-75.23597,40.03091],[-75.2361,40.031],[-75.23628,40.0311],[-75.23631,40.03113],[-75.23649,40.03123],[-75.23686,40.03147],[-75.23689,40.0315],[-75.237,40.03156],[-75.23706,40.03161],[-75.23747,40.03187],[-75.2375,40.0319],[-75.23804,40.03225],[-75.23807,40.03228],[-75.23817,40.03234],[-75.2382,40.03237],[-75.23844,40.03252],[-75.23847,40.03255],[-75.23867,40.03268],[-75.2387,40.03271],[-75.23894,40.03286],[-75.23897,40.03289],[-75.23907,40.03296],[-75.2393,40.03311],[-75.23933,40.03314],[-75.23954,40.03327],[-75.2396,40.03332],[-75.23994,40.03354],[-75.23997,40.03357],[-75.24013,40.03368],[-75.24043,40.03393],[-75.24062,40.03412],[-75.24069,40.03421],[-75.24072,40.03423],[-75.24088,40.03444],[-75.24098,40.03455],[-75.24104,40.03464],[-75.24107,40.03467],[-75.24113,40.03476],[-75.24116,40.03479],[-75.24127,40.03494],[-75.24135,40.03502],[-75.24144,40.03514],[-75.24147,40.03516],[-75.24163,40.03533],[-75.24172,40.0354],[-75.24177,40.03546],[-75.24189,40.03556],[-75.24193,40.03558],[-75.24205,40.03568],[-75.24218,40.03577],[-75.24221,40.0358],[-75.24242,40.03593],[-75.24248,40.03598],[-75.24269,40.0361],[-75.24272,40.03613],[-75.24344,40.03653],[-75.24352,40.03656],[-75.24377,40.0367],[-75.24385,40.03674],[-75.24389,40.03675],[-75.24418,40.03691],[-75.24422,40.03692],[-75.24445,40.03703],[-75.24449,40.03704],[-75.24469,40.03713],[-75.24481,40.03717],[-75.24513,40.03731],[-75.24544,40.03749],[-75.24565,40.03766],[-75.24584,40.03785],[-75.24586,40.03788],[-75.24589,40.0379],[-75.24596,40.03799],[-75.24599,40.03801],[-75.24608,40.03813],[-75.24616,40.03822],[-75.24622,40.03831],[-75.24625,40.03833],[-75.24631,40.03842],[-75.24634,40.03845],[-75.24644,40.03861],[-75.24647,40.03864],[-75.24661,40.03885],[-75.24664,40.03888],[-75.24697,40.03936],[-75.24712,40.03961],[-75.24713,40.03965],[-75.24719,40.03974],[-75.24735,40.04006],[-75.24743,40.04018],[-75.24744,40.04022],[-75.24754,40.04037],[-75.24757,40.0404],[-75.24761,40.04046],[-75.24771,40.04057],[-75.24775,40.04063],[-75.24778,40.04065],[-75.24785,40.04074],[-75.24791,40.04079],[-75.24798,40.04088],[-75.24804,40.04093],[-75.24806,40.04096],[-75.24812,40.04101],[-75.24814,40.04104],[-75.24828,40.04118],[-75.24831,40.0412],[-75.24833,40.04123],[-75.24839,40.04128],[-75.24844,40.04134],[-75.24856,40.04144],[-75.24861,40.0415],[-75.24894,40.04178],[-75.24896,40.04181],[-75.24914,40.04196],[-75.24924,40.04203],[-75.2496,40.04233],[-75.24979,40.04247],[-75.24988,40.04255],[-75.25001,40.04264],[-75.2501,40.04272],[-75.25017,40.04276],[-75.25026,40.04284],[-75.25039,40.04293],[-75.25051,40.04303],[-75.25058,40.04307],[-75.25067,40.04315],[-75.25074,40.04319],[-75.25093,40.04334],[-75.25109,40.04345],[-75.25112,40.04348],[-75.25119,40.04352],[-75.25122,40.04355],[-75.25129,40.04359],[-75.25132,40.04362],[-75.25148,40.04373],[-75.25151,40.04376],[-75.25155,40.04378],[-75.25161,40.04383],[-75.25171,40.04389],[-75.25174,40.04392],[-75.25178,40.04394],[-75.25184,40.04399],[-75.25191,40.04403],[-75.25194,40.04406],[-75.25204,40.04412],[-75.25207,40.04415],[-75.25214,40.04419],[-75.25217,40.04422],[-75.25254,40.04446],[-75.25257,40.04449],[-75.25264,40.04453],[-75.25267,40.04456],[-75.25294,40.04473],[-75.253,40.04478],[-75.25324,40.04493],[-75.25327,40.04496],[-75.25345,40.04506],[-75.25348,40.04509],[-75.25362,40.04517],[-75.25375,40.04526],[-75.25386,40.04532],[-75.25396,40.04539],[-75.25414,40.04549],[-75.2542,40.04554],[-75.25445,40.04568],[-75.25448,40.04571],[-75.2548,40.04589],[-75.25483,40.04592],[-75.25515,40.0461],[-75.25525,40.04617],[-75.25554,40.04633],[-75.25557,40.04636],[-75.25582,40.0465],[-75.25595,40.04659],[-75.25613,40.04669],[-75.25623,40.04676],[-75.25636,40.04683],[-75.25648,40.04693],[-75.25655,40.04697],[-75.25664,40.04705],[-75.25671,40.04709],[-75.25674,40.04712],[-75.2569,40.04723],[-75.25693,40.04726],[-75.257,40.0473],[-75.25709,40.04738],[-75.25716,40.04742],[-75.25719,40.04745],[-75.25735,40.04756],[-75.25738,40.04759],[-75.25755,40.0477],[-75.25767,40.0478],[-75.25771,40.04782],[-75.25774,40.04785],[-75.2578,40.04789],[-75.25783,40.04792],[-75.258,40.04803],[-75.25809,40.04811],[-75.25825,40.04822],[-75.25828,40.04825],[-75.25841,40.04834],[-75.2585,40.04842],[-75.25857,40.04846],[-75.25881,40.04866],[-75.25885,40.04868],[-75.25957,40.04928],[-75.25962,40.04934],[-75.2598,40.04949],[-75.26022,40.04989],[-75.26025,40.04991],[-75.2603,40.04997],[-75.26033,40.04999],[-75.26047,40.05013],[-75.2605,40.05015],[-75.26055,40.05021],[-75.26058,40.05023],[-75.26083,40.05048],[-75.26086,40.0505],[-75.26088,40.05053],[-75.26094,40.05058],[-75.26099,40.05064],[-75.26102,40.05066],[-75.26116,40.0508],[-75.26119,40.05082],[-75.26124,40.05088],[-75.2613,40.05093],[-75.26132,40.05096],[-75.26138,40.05101],[-75.26143,40.05107],[-75.26146,40.05109],[-75.26148,40.05112],[-75.26162,40.05126],[-75.26164,40.05129],[-75.2617,40.05134],[-75.26185,40.05151],[-75.26188,40.05153],[-75.26193,40.05159],[-75.26195,40.0516],[-75.26196,40.05162],[-75.26204,40.0517],[-75.26206,40.05173],[-75.26209,40.05175],[-75.26225,40.05192],[-75.26228,40.05194],[-75.2623,40.05197],[-75.26238,40.05205],[-75.26247,40.05213],[-75.26252,40.05219],[-75.26258,40.05224],[-75.2626,40.05227],[-75.26272,40.05237],[-75.26277,40.05243],[-75.26286,40.0525],[-75.26291,40.05256],[-75.26303,40.05266],[-75.26308,40.05272],[-75.26325,40.05287],[-75.26353,40.05314],[-75.26365,40.05324],[-75.2637,40.0533],[-75.26379,40.05337],[-75.26384,40.05343],[-75.26396,40.05353],[-75.26421,40.05377],[-75.26433,40.05387],[-75.26438,40.05393],[-75.26447,40.054],[-75.26451,40.05404]]]]}},{"type":"Feature","properties":{"name":"Lower South","abbrev":"LS"},"geometry":{"type":"MultiPolygon","coordinates":[[[[-75.2033,39.93792],[-75.20127,39.93748],[-75.20114,39.93748],[-75.20035,39.93814],[-75.2002,39.93855],[-75.19866,39.93821],[-75.19851,39.9382],[-75.19802,39.93809],[-75.19832,39.9378],[-75.19909,39.93702],[-75.19885,39.93697],[-75.19895,39.93682],[-75.19901,39.9367],[-75.19905,39.93657],[-75.19926,39.93572],[-75.19948,39.93459],[-75.19951,39.93452],[-75.19951,39.93443],[-75.19973,39.93328],[-75.19984,39.93288],[-75.19986,39.93267],[-75.19985,39.93246],[-75.19976,39.93213],[-75.19959,39.93182],[-75.19839,39.93055],[-75.19818,39.9303],[-75.19724,39.92943],[-75.19693,39.92917],[-75.19618,39.92844],[-75.19589,39.92817],[-75.19455,39.92674],[-75.19438,39.92655],[-75.19436,39.92655],[-75.19409,39.92624],[-75.19366,39.9258],[-75.19298,39.92505],[-75.19328,39.92486],[-75.19343,39.92485],[-75.19321,39.92458],[-75.19327,39.92383],[-75.19362,39.92235],[-75.19444,39.92244],[-75.19467,39.92243],[-75.19475,39.92237],[-75.19505,39.92102],[-75.1925,39.92127],[-75.19006,39.92172],[-75.18965,39.92182],[-75.18953,39.9216],[-75.18944,39.92125],[-75.18942,39.92101],[-75.1903,39.91645],[-75.1903,39.91632],[-75.19029,39.9162],[-75.19025,39.91595],[-75.19016,39.91571],[-75.19005,39.91548],[-75.18989,39.91526],[-75.18981,39.91516],[-75.18971,39.91506],[-75.18961,39.91496],[-75.1895,39.91487],[-75.18926,39.9147],[-75.189,39.91456],[-75.18871,39.91444],[-75.18841,39.91435],[-75.18261,39.91358],[-75.18189,39.91353],[-75.18189,39.91352],[-75.18112,39.91347],[-75.18023,39.9134],[-75.17781,39.9131],[-75.17781,39.91309],[-75.17764,39.91308],[-75.1758,39.91284],[-75.16079,39.91095],[-75.15974,39.9108],[-75.15663,39.91015],[-75.15452,39.90978],[-75.15188,39.90907],[-75.14946,39.90866],[-75.12995,39.9053],[-75.12969,39.90527],[-75.12985,39.90464],[-75.13041,39.90287],[-75.13123,39.90079],[-75.13176,39.89955],[-75.13321,39.89627],[-75.13552,39.89186],[-75.13585,39.89127],[-75.13629,39.89076],[-75.13689,39.89009],[-75.13773,39.88919],[-75.13956,39.88738],[-75.14112,39.88594],[-75.14234,39.88522],[-75.14331,39.88486],[-75.14461,39.88435],[-75.14617,39.88411],[-75.15237,39.88376],[-75.15763,39.88339],[-75.15997,39.8832],[-75.16217,39.88292],[-75.16419,39.88258],[-75.167,39.88204],[-75.16966,39.88159],[-75.17215,39.88129],[-75.17505,39.88103],[-75.17689,39.88091],[-75.17823,39.88081],[-75.17929,39.88077],[-75.18457,39.88092],[-75.18542,39.88086],[-75.18627,39.88078],[-75.18704,39.88064],[-75.18766,39.88047],[-75.18833,39.88024],[-75.18898,39.88],[-75.19014,39.87947],[-75.19417,39.8777],[-75.19451,39.88426],[-75.19477,39.88774],[-75.19499,39.88884],[-75.19531,39.88993],[-75.19567,39.89072],[-75.19607,39.89134],[-75.19659,39.89193],[-75.19708,39.89234],[-75.19739,39.89253],[-75.19763,39.89269],[-75.19842,39.89303],[-75.19943,39.89337],[-75.20046,39.89363],[-75.20487,39.89443],[-75.20641,39.89482],[-75.20724,39.89511],[-75.20802,39.89545],[-75.20907,39.896],[-75.21021,39.89669],[-75.21103,39.89724],[-75.21167,39.89773],[-75.21262,39.89858],[-75.21324,39.89926],[-75.21389,39.90025],[-75.21445,39.90129],[-75.2149,39.90235],[-75.21519,39.9033],[-75.21541,39.90426],[-75.21556,39.90523],[-75.21562,39.90606],[-75.21562,39.90704],[-75.21556,39.90845],[-75.21546,39.90915],[-75.21528,39.90967],[-75.21499,39.91003],[-75.21459,39.91034],[-75.21428,39.91049],[-75.21379,39.91063],[-75.21325,39.91071],[-75.21251,39.91075],[-75.21197,39.91074],[-75.21037,39.91049],[-75.20946,39.91047],[-75.20874,39.9105],[-75.20802,39.9106],[-75.20747,39.91069],[-75.20696,39.91084],[-75.20667,39.91099],[-75.20629,39.91127],[-75.20595,39.9116],[-75.20554,39.91208],[-75.20486,39.91306],[-75.20391,39.91476],[-75.20346,39.91567],[-75.20332,39.91593],[-75.20293,39.91671],[-75.20244,39.91761],[-75.20236,39.91773],[-75.20215,39.91812],[-75.20196,39.91851],[-75.20181,39.91891],[-75.20178,39.91905],[-75.20174,39.91933],[-75.20175,39.91947],[-75.2018,39.91961],[-75.20187,39.91973],[-75.20195,39.91985],[-75.20215,39.9201],[-75.20225,39.92021],[-75.20248,39.92043],[-75.20274,39.92062],[-75.2032,39.92086],[-75.20353,39.92097],[-75.2037,39.92101],[-75.20406,39.92107],[-75.20424,39.92108],[-75.20461,39.92108],[-75.20515,39.92105],[-75.20551,39.92102],[-75.20587,39.92097],[-75.20712,39.92083],[-75.20766,39.9208],[-75.20802,39.9208],[-75.2082,39.92081],[-75.20856,39.92085],[-75.20892,39.92091],[-75.20944,39.92103],[-75.20978,39.92113],[-75.20995,39.92119],[-75.21011,39.92125],[-75.21042,39.92139],[-75.21083,39.92166],[-75.2112,39.92198],[-75.21142,39.9222],[-75.21182,39.92267],[-75.21191,39.92279],[-75.21207,39.92304],[-75.21214,39.92317],[-75.21232,39.92356],[-75.21241,39.92384],[-75.21244,39.92398],[-75.21248,39.92425],[-75.21249,39.92453],[-75.21247,39.92495],[-75.21241,39.92536],[-75.21236,39.92564],[-75.2122,39.92633],[-75.21212,39.9266],[-75.21192,39.92714],[-75.21186,39.92727],[-75.21151,39.92791],[-75.21111,39.92852],[-75.21093,39.92878],[-75.21075,39.92902],[-75.21058,39.92927],[-75.21004,39.92999],[-75.20994,39.93011],[-75.20976,39.93035],[-75.209,39.9313],[-75.20833,39.93212],[-75.20753,39.93306],[-75.20723,39.9334],[-75.20704,39.93364],[-75.20674,39.93399],[-75.20655,39.93423],[-75.20605,39.93481],[-75.20587,39.93506],[-75.20571,39.9353],[-75.20562,39.93549],[-75.20554,39.93569],[-75.20542,39.9361],[-75.20537,39.93638],[-75.20531,39.9368],[-75.20528,39.93708],[-75.20523,39.93777],[-75.20523,39.93805],[-75.20522,39.93819],[-75.20522,39.93875],[-75.20448,39.93844],[-75.20387,39.93814],[-75.2033,39.93792]]]]}},{"type":"Feature","properties":{"name":"Lower Southwest","abbrev":"LSW"},"geometry":{"type":"MultiPolygon","coordinates":[[[[-75.19417,39.8777],[-75.19543,39.87711],[-75.19701,39.87627],[-75.19819,39.87569],[-75.19943,39.87502],[-75.20065,39.87441],[-75.2021,39.87363],[-75.20299,39.87312],[-75.2051,39.87198],[-75.20579,39.87158],[-75.20666,39.87109],[-75.20731,39.87067],[-75.20795,39.87029],[-75.21198,39.86747],[-75.21604,39.87112],[-75.21572,39.87611],[-75.21605,39.87603],[-75.21657,39.87592],[-75.21685,39.87585],[-75.21702,39.87582],[-75.21752,39.87575],[-75.21804,39.87569],[-75.21892,39.87568],[-75.21974,39.87548],[-75.21977,39.87549],[-75.22087,39.87558],[-75.22104,39.8756],[-75.22209,39.87568],[-75.22316,39.87579],[-75.22377,39.87587],[-75.22466,39.87603],[-75.22595,39.87628],[-75.22999,39.87686],[-75.23065,39.87691],[-75.23187,39.87702],[-75.23299,39.87714],[-75.23327,39.87716],[-75.23396,39.87719],[-75.23412,39.87719],[-75.23503,39.87697],[-75.23554,39.87676],[-75.23637,39.8762],[-75.23672,39.87562],[-75.23694,39.87513],[-75.2375,39.87509],[-75.23759,39.87499],[-75.23754,39.87492],[-75.2375,39.87488],[-75.23746,39.87481],[-75.23811,39.8746],[-75.23825,39.87446],[-75.23869,39.87397],[-75.239,39.87385],[-75.23935,39.87338],[-75.23941,39.87331],[-75.2401,39.87304],[-75.24011,39.87287],[-75.2401,39.87261],[-75.24047,39.87239],[-75.24094,39.87241],[-75.24122,39.87248],[-75.24175,39.87259],[-75.24229,39.87282],[-75.24257,39.87296],[-75.24273,39.87305],[-75.24674,39.87508],[-75.24843,39.87649],[-75.25226,39.87595],[-75.26253,39.87657],[-75.26501,39.88099],[-75.26511,39.88166],[-75.26455,39.88212],[-75.2643,39.88225],[-75.26308,39.88236],[-75.26226,39.88258],[-75.26195,39.8829],[-75.26189,39.88308],[-75.26197,39.88325],[-75.26243,39.88364],[-75.26414,39.88414],[-75.26445,39.88432],[-75.26464,39.88474],[-75.26423,39.88501],[-75.26316,39.88531],[-75.26273,39.88556],[-75.26262,39.88581],[-75.26268,39.88603],[-75.26281,39.88609],[-75.26369,39.88615],[-75.26398,39.8861],[-75.26429,39.8862],[-75.2648,39.88645],[-75.26485,39.88655],[-75.26504,39.88684],[-75.26511,39.88699],[-75.26514,39.88716],[-75.26513,39.88734],[-75.2651,39.88755],[-75.26498,39.88776],[-75.26488,39.88793],[-75.2646,39.88823],[-75.26445,39.88834],[-75.26426,39.88842],[-75.264,39.88848],[-75.26373,39.88849],[-75.26338,39.88847],[-75.26298,39.88842],[-75.26268,39.88836],[-75.26247,39.88843],[-75.2623,39.88856],[-75.2622,39.88871],[-75.26214,39.88893],[-75.2621,39.88916],[-75.26208,39.88937],[-75.2621,39.88991],[-75.26213,39.89011],[-75.26211,39.89029],[-75.2621,39.89048],[-75.26188,39.89132],[-75.26186,39.89146],[-75.26179,39.89163],[-75.26174,39.89179],[-75.26161,39.8919],[-75.26151,39.89195],[-75.26132,39.892],[-75.2611,39.89209],[-75.26073,39.89219],[-75.26014,39.89231],[-75.25975,39.89236],[-75.25954,39.89237],[-75.25911,39.89245],[-75.25896,39.89254],[-75.25878,39.89268],[-75.25857,39.89282],[-75.25839,39.89299],[-75.25821,39.89317],[-75.25783,39.89358],[-75.25767,39.89374],[-75.25744,39.89402],[-75.25691,39.89455],[-75.25674,39.89474],[-75.25667,39.89486],[-75.25666,39.89495],[-75.25679,39.8952],[-75.25697,39.89537],[-75.25728,39.89557],[-75.25739,39.89571],[-75.25736,39.89585],[-75.25728,39.896],[-75.25715,39.89616],[-75.25694,39.89637],[-75.25676,39.8965],[-75.25645,39.89685],[-75.25624,39.89711],[-75.25609,39.8973],[-75.25598,39.89748],[-75.25523,39.8985],[-75.2551,39.89866],[-75.25509,39.89876],[-75.2551,39.89877],[-75.25512,39.89886],[-75.25517,39.89891],[-75.25524,39.89906],[-75.25549,39.89933],[-75.25457,39.90073],[-75.25371,39.90167],[-75.25129,39.90441],[-75.25349,39.9056],[-75.25248,39.90664],[-75.2524,39.90664],[-75.25199,39.90669],[-75.25176,39.90675],[-75.25163,39.90682],[-75.25106,39.90719],[-75.25072,39.90737],[-75.25032,39.90764],[-75.25027,39.90772],[-75.25023,39.90782],[-75.25021,39.90793],[-75.25019,39.90807],[-75.2502,39.9083],[-75.25019,39.90846],[-75.25017,39.90858],[-75.25012,39.90873],[-75.25005,39.90889],[-75.25,39.90905],[-75.24993,39.90916],[-75.24989,39.90928],[-75.24992,39.90937],[-75.24999,39.90945],[-75.25004,39.90948],[-75.25015,39.90952],[-75.25028,39.90955],[-75.25047,39.90956],[-75.25065,39.90959],[-75.25111,39.90974],[-75.25123,39.90981],[-75.2513,39.90989],[-75.25129,39.91002],[-75.25124,39.91015],[-75.251,39.91041],[-75.25087,39.91057],[-75.25072,39.91069],[-75.25062,39.9108],[-75.25054,39.91092],[-75.2504,39.91107],[-75.25019,39.91122],[-75.24993,39.91132],[-75.24933,39.91158],[-75.24916,39.91166],[-75.24898,39.91177],[-75.24886,39.91188],[-75.24876,39.912],[-75.24869,39.91232],[-75.24851,39.91274],[-75.24838,39.91295],[-75.2483,39.91303],[-75.24806,39.91318],[-75.24783,39.9133],[-75.2476,39.9134],[-75.2474,39.91351],[-75.2472,39.91359],[-75.24712,39.91369],[-75.24707,39.91379],[-75.24707,39.91392],[-75.24712,39.91405],[-75.24734,39.91431],[-75.24741,39.91443],[-75.2475,39.91456],[-75.24763,39.91465],[-75.24771,39.91473],[-75.24772,39.91485],[-75.24766,39.91496],[-75.24756,39.91509],[-75.24749,39.91522],[-75.24719,39.91564],[-75.24714,39.91574],[-75.24706,39.91586],[-75.24678,39.91617],[-75.24675,39.91624],[-75.24679,39.91646],[-75.24684,39.91657],[-75.24688,39.91672],[-75.24696,39.91694],[-75.247,39.91698],[-75.24716,39.91707],[-75.24719,39.9171],[-75.24721,39.91719],[-75.2472,39.91722],[-75.24717,39.91725],[-75.24724,39.91741],[-75.24731,39.91762],[-75.24735,39.91779],[-75.24736,39.918],[-75.24735,39.91846],[-75.24733,39.91869],[-75.24734,39.91882],[-75.24739,39.91902],[-75.2475,39.91928],[-75.24759,39.91941],[-75.24762,39.91953],[-75.24763,39.91968],[-75.2476,39.91991],[-75.24758,39.91999],[-75.24749,39.92022],[-75.24746,39.9206],[-75.24747,39.92073],[-75.24746,39.92135],[-75.24752,39.92166],[-75.24751,39.92178],[-75.24747,39.92189],[-75.24739,39.92206],[-75.24729,39.92218],[-75.24664,39.92278],[-75.24636,39.92306],[-75.24627,39.92318],[-75.24619,39.92331],[-75.24616,39.92345],[-75.24614,39.92362],[-75.24614,39.9238],[-75.24613,39.92391],[-75.24607,39.92413],[-75.24599,39.92437],[-75.24595,39.92446],[-75.24573,39.92483],[-75.24556,39.92505],[-75.24544,39.92517],[-75.24527,39.92542],[-75.2452,39.92556],[-75.24513,39.92567],[-75.24499,39.92585],[-75.24487,39.9259],[-75.24476,39.92596],[-75.24463,39.92601],[-75.2444,39.92614],[-75.24434,39.92626],[-75.2443,39.92636],[-75.24433,39.92649],[-75.24441,39.92658],[-75.24451,39.92666],[-75.24458,39.92676],[-75.2446,39.92687],[-75.24459,39.92698],[-75.24458,39.92701],[-75.24458,39.92719],[-75.2445,39.92742],[-75.24443,39.92754],[-75.24434,39.92767],[-75.24427,39.92781],[-75.24412,39.92802],[-75.24406,39.92816],[-75.244,39.92837],[-75.24397,39.92865],[-75.24397,39.92961],[-75.24398,39.92972],[-75.24401,39.9298],[-75.2441,39.92987],[-75.24419,39.92991],[-75.24428,39.92997],[-75.24436,39.93005],[-75.24395,39.93066],[-75.24381,39.93075],[-75.23905,39.92984],[-75.23847,39.92949],[-75.237,39.92918],[-75.23593,39.92899],[-75.23548,39.92889],[-75.23025,39.93256],[-75.22977,39.93291],[-75.22964,39.93299],[-75.22932,39.93321],[-75.22725,39.93467],[-75.22523,39.93296],[-75.22331,39.93132],[-75.2233,39.93132],[-75.222,39.93023],[-75.22152,39.92984],[-75.22111,39.92948],[-75.22059,39.92906],[-75.22055,39.92901],[-75.21949,39.92813],[-75.21937,39.92804],[-75.21671,39.92695],[-75.21244,39.92515],[-75.21247,39.92495],[-75.21249,39.92453],[-75.21249,39.92439],[-75.21246,39.92411],[-75.21241,39.92384],[-75.21237,39.9237],[-75.21232,39.92356],[-75.21214,39.92317],[-75.21207,39.92304],[-75.21191,39.92279],[-75.21182,39.92267],[-75.21142,39.9222],[-75.21108,39.92187],[-75.21083,39.92166],[-75.21042,39.92139],[-75.21011,39.92125],[-75.20995,39.92119],[-75.20978,39.92113],[-75.20944,39.92103],[-75.20892,39.92091],[-75.20856,39.92085],[-75.2082,39.92081],[-75.20802,39.9208],[-75.20766,39.9208],[-75.20712,39.92083],[-75.20587,39.92097],[-75.20551,39.92102],[-75.20515,39.92105],[-75.20461,39.92108],[-75.20424,39.92108],[-75.20406,39.92107],[-75.2037,39.92101],[-75.20353,39.92097],[-75.2032,39.92086],[-75.20274,39.92062],[-75.20261,39.92053],[-75.20248,39.92043],[-75.20225,39.92021],[-75.20205,39.91998],[-75.20195,39.91985],[-75.20187,39.91973],[-75.2018,39.91961],[-75.20175,39.91947],[-75.20174,39.91933],[-75.20178,39.91905],[-75.20181,39.91891],[-75.20196,39.91851],[-75.20215,39.91812],[-75.20236,39.91773],[-75.20244,39.91761],[-75.20293,39.91671],[-75.20332,39.91593],[-75.20346,39.91567],[-75.20391,39.91476],[-75.20486,39.91306],[-75.20554,39.91208],[-75.20595,39.9116],[-75.20629,39.91127],[-75.20667,39.91099],[-75.20696,39.91084],[-75.20747,39.91069],[-75.20802,39.9106],[-75.20874,39.9105],[-75.20946,39.91047],[-75.21037,39.91049],[-75.21197,39.91074],[-75.21251,39.91075],[-75.21325,39.91071],[-75.21379,39.91063],[-75.21428,39.91049],[-75.21459,39.91034],[-75.21499,39.91003],[-75.21528,39.90967],[-75.21546,39.90915],[-75.21556,39.90845],[-75.21562,39.90704],[-75.21562,39.90606],[-75.21556,39.90523],[-75.21541,39.90426],[-75.21519,39.9033],[-75.2149,39.90235],[-75.21445,39.90129],[-75.21389,39.90025],[-75.21324,39.89926],[-75.21262,39.89858],[-75.21167,39.89773],[-75.21103,39.89724],[-75.21021,39.89669],[-75.20907,39.896],[-75.20802,39.89545],[-75.20724,39.89511],[-75.20641,39.89482],[-75.20487,39.89443],[-75.20046,39.89363],[-75.19943,39.89337],[-75.19842,39.89303],[-75.19763,39.89269],[-75.19739,39.89253],[-75.19708,39.89234],[-75.19659,39.89193],[-75.19607,39.89134],[-75.19567,39.89072],[-75.19531,39.88993],[-75.19499,39.88884],[-75.19477,39.88774],[-75.19451,39.88426],[-75.19417,39.8777]]]]}},{"type":"Feature","properties":{"name":"North","abbrev":"NOR"},"geometry":{"type":"MultiPolygon","coordinates":[[[[-75.10969,40.02217],[-75.10937,40.02215],[-75.10908,40.02219],[-75.1088,40.02224],[-75.10862,40.02231],[-75.10847,40.02242],[-75.10817,40.02262],[-75.10808,40.02272],[-75.10809,40.02282],[-75.10807,40.0229],[-75.10801,40.02295],[-75.10792,40.023],[-75.10778,40.02304],[-75.10767,40.02311],[-75.10752,40.02311],[-75.10737,40.02315],[-75.10709,40.02331],[-75.107,40.02334],[-75.10686,40.02336],[-75.10674,40.02334],[-75.1066,40.02328],[-75.10614,40.02301],[-75.10605,40.02297],[-75.10585,40.02295],[-75.10567,40.02295],[-75.10548,40.02299],[-75.1054,40.02303],[-75.10518,40.0234],[-75.10511,40.02348],[-75.10507,40.02355],[-75.10492,40.02361],[-75.10478,40.02361],[-75.10449,40.02349],[-75.10429,40.02331],[-75.10423,40.02321],[-75.1042,40.02313],[-75.10419,40.02303],[-75.10421,40.02294],[-75.1041,40.02281],[-75.1039,40.0226],[-75.10377,40.02249],[-75.10365,40.02234],[-75.10359,40.0222],[-75.10336,40.02175],[-75.1032,40.02136],[-75.10316,40.02121],[-75.10315,40.02109],[-75.10317,40.02098],[-75.10337,40.02086],[-75.10345,40.02074],[-75.10359,40.02024],[-75.1037,40.01967],[-75.10375,40.0195],[-75.10384,40.01944],[-75.10399,40.01939],[-75.10413,40.01936],[-75.10422,40.01935],[-75.10491,40.01936],[-75.10514,40.01934],[-75.10534,40.01929],[-75.1055,40.01921],[-75.10561,40.01909],[-75.10569,40.01894],[-75.10576,40.01885],[-75.10586,40.01879],[-75.10603,40.0187],[-75.10689,40.01836],[-75.10703,40.01829],[-75.10725,40.01809],[-75.1074,40.0179],[-75.10745,40.01779],[-75.10755,40.01743],[-75.10754,40.01723],[-75.1075,40.01707],[-75.10744,40.01697],[-75.10734,40.01686],[-75.10722,40.01678],[-75.10707,40.0167],[-75.10667,40.01645],[-75.10586,40.01628],[-75.10566,40.01628],[-75.10542,40.01626],[-75.10499,40.01617],[-75.10469,40.01614],[-75.10437,40.01615],[-75.10366,40.01612],[-75.10332,40.01608],[-75.10288,40.016],[-75.10255,40.01597],[-75.10229,40.01598],[-75.10205,40.01602],[-75.10177,40.01604],[-75.10133,40.01602],[-75.1006,40.01605],[-75.1004,40.01609],[-75.0999,40.01621],[-75.09945,40.0163],[-75.09896,40.01636],[-75.09888,40.01635],[-75.09864,40.01635],[-75.09845,40.0163],[-75.09819,40.01621],[-75.09798,40.01611],[-75.0978,40.01605],[-75.09751,40.01601],[-75.09727,40.01599],[-75.09671,40.01599],[-75.09649,40.01597],[-75.09617,40.01591],[-75.09604,40.01587],[-75.09508,40.01532],[-75.09475,40.01509],[-75.0946,40.01497],[-75.09441,40.01479],[-75.0943,40.01466],[-75.09421,40.01453],[-75.09382,40.01391],[-75.0937,40.01371],[-75.09357,40.01347],[-75.0935,40.01328],[-75.09347,40.01314],[-75.09346,40.01301],[-75.09348,40.01287],[-75.09351,40.01274],[-75.09358,40.01259],[-75.09369,40.0124],[-75.09406,40.01183],[-75.0943,40.01149],[-75.09439,40.01135],[-75.09498,40.01052],[-75.09511,40.01024],[-75.09501,40.00993],[-75.09491,40.00964],[-75.09479,40.00945],[-75.09462,40.00927],[-75.09428,40.00907],[-75.09371,40.00871],[-75.09296,40.00827],[-75.09258,40.00794],[-75.09411,40.00711],[-75.09485,40.00669],[-75.09798,40.00496],[-75.09937,40.00421],[-75.10181,40.00287],[-75.10318,40.00211],[-75.1042,40.00153],[-75.10543,40.00088],[-75.10645,40.00033],[-75.1076,39.99967],[-75.10815,39.99937],[-75.10873,39.99904],[-75.1093,39.99875],[-75.10985,39.99845],[-75.11099,39.99781],[-75.11156,39.99748],[-75.11323,39.99659],[-75.114,39.99615],[-75.11805,39.99394],[-75.11827,39.99381],[-75.1197,39.99303],[-75.12031,39.99268],[-75.12155,39.99201],[-75.12256,39.99144],[-75.12369,39.99085],[-75.12443,39.99042],[-75.12549,39.98985],[-75.12584,39.99016],[-75.12595,39.99024],[-75.12703,39.9904],[-75.13196,39.99104],[-75.1329,39.99115],[-75.13434,39.99134],[-75.13487,39.99142],[-75.13616,39.99157],[-75.13735,39.99174],[-75.14151,39.99226],[-75.143,39.99246],[-75.14511,39.99272],[-75.14609,39.99286],[-75.14924,39.99326],[-75.15082,39.99347],[-75.1533,39.99378],[-75.15482,39.99398],[-75.15502,39.994],[-75.15505,39.99401],[-75.15623,39.99416],[-75.15679,39.99424],[-75.15779,39.99435],[-75.15836,39.99439],[-75.15881,39.99444],[-75.15937,39.99453],[-75.15992,39.9946],[-75.16095,39.99475],[-75.16132,39.99482],[-75.16255,39.99498],[-75.16354,39.99512],[-75.1641,39.99518],[-75.16482,39.99527],[-75.16814,39.9957],[-75.16861,39.99577],[-75.16973,39.99591],[-75.1702,39.99598],[-75.17236,39.99625],[-75.17395,39.99644],[-75.17442,39.99651],[-75.17554,39.99665],[-75.1775,39.99692],[-75.17799,39.99697],[-75.18019,39.99726],[-75.18179,39.99745],[-75.18234,39.99753],[-75.18344,39.99767],[-75.18503,39.99789],[-75.18655,39.99808],[-75.18761,39.9982],[-75.18759,39.99857],[-75.18703,39.99998],[-75.18696,40.00019],[-75.18686,40.00042],[-75.18695,40.00037],[-75.1872,40.0003],[-75.18734,40.00027],[-75.18751,40.00026],[-75.18775,40.00026],[-75.18812,40.00028],[-75.18845,40.00028],[-75.18882,40.00021],[-75.18958,39.9999],[-75.19082,39.99957],[-75.19183,39.99962],[-75.19178,39.99981],[-75.19178,39.99985],[-75.19175,39.99995],[-75.19175,39.99998],[-75.19172,40.00008],[-75.19172,40.00012],[-75.1917,40.00018],[-75.1917,40.00022],[-75.19168,40.00028],[-75.19168,40.00032],[-75.19166,40.00039],[-75.19164,40.00052],[-75.19159,40.00072],[-75.19159,40.00076],[-75.19155,40.00093],[-75.19154,40.00103],[-75.19152,40.0011],[-75.19149,40.0013],[-75.19147,40.00137],[-75.19144,40.00161],[-75.19143,40.00164],[-75.1914,40.00188],[-75.19138,40.00198],[-75.19138,40.00205],[-75.19136,40.00215],[-75.19136,40.00225],[-75.19135,40.00228],[-75.19135,40.00235],[-75.19134,40.00239],[-75.19134,40.00252],[-75.19133,40.00256],[-75.19133,40.00313],[-75.19134,40.00317],[-75.19134,40.0033],[-75.19135,40.00334],[-75.19135,40.00341],[-75.19136,40.00344],[-75.19136,40.00351],[-75.19137,40.00354],[-75.19138,40.00368],[-75.19139,40.00371],[-75.1914,40.00382],[-75.19144,40.00405],[-75.19145,40.00416],[-75.19148,40.00429],[-75.1915,40.00446],[-75.19154,40.00463],[-75.19155,40.00473],[-75.19158,40.00483],[-75.19158,40.00487],[-75.19167,40.00517],[-75.19169,40.0052],[-75.19177,40.00543],[-75.19179,40.00546],[-75.1919,40.00572],[-75.19209,40.00601],[-75.19213,40.00605],[-75.19219,40.00614],[-75.19222,40.00617],[-75.1924,40.00641],[-75.19243,40.00643],[-75.19248,40.00649],[-75.1916,40.00661],[-75.19187,40.00699],[-75.19223,40.00723],[-75.19154,40.00778],[-75.19134,40.00791],[-75.19052,40.00841],[-75.18966,40.00899],[-75.18863,40.00933],[-75.18734,40.00977],[-75.18688,40.00986],[-75.18491,40.01051],[-75.18382,40.01096],[-75.18325,40.01124],[-75.18244,40.01171],[-75.18206,40.01195],[-75.18119,40.01255],[-75.18012,40.01331],[-75.17718,40.01532],[-75.17644,40.01575],[-75.17576,40.01616],[-75.17457,40.01686],[-75.17386,40.01719],[-75.17331,40.01742],[-75.17205,40.01786],[-75.17032,40.01818],[-75.16895,40.01834],[-75.16818,40.01842],[-75.16792,40.01846],[-75.16613,40.01869],[-75.1653,40.01888],[-75.16382,40.01933],[-75.16356,40.0194],[-75.16316,40.01972],[-75.16304,40.01988],[-75.1629,40.02012],[-75.16278,40.02038],[-75.16269,40.02083],[-75.16267,40.02134],[-75.1626,40.02161],[-75.16247,40.02196],[-75.16203,40.0223],[-75.15988,40.0238],[-75.15971,40.02389],[-75.15955,40.02393],[-75.15904,40.02281],[-75.15811,40.02271],[-75.15737,40.02262],[-75.15731,40.02262],[-75.15571,40.02241],[-75.15549,40.02237],[-75.15439,40.02224],[-75.15391,40.02217],[-75.15385,40.02217],[-75.15259,40.022],[-75.14857,40.02149],[-75.14711,40.02129],[-75.14638,40.02121],[-75.1448,40.02101],[-75.14402,40.0209],[-75.14323,40.02081],[-75.14203,40.02064],[-75.14189,40.02063],[-75.14095,40.02051],[-75.1391,40.02027],[-75.13847,40.02018],[-75.13674,40.01997],[-75.13663,40.02048],[-75.13656,40.02074],[-75.13596,40.02068],[-75.13578,40.02293],[-75.13515,40.02313],[-75.13445,40.0233],[-75.13037,40.02416],[-75.12882,40.0245],[-75.12782,40.02469],[-75.12667,40.02488],[-75.12549,40.02504],[-75.12547,40.02519],[-75.12447,40.02533],[-75.12148,40.02578],[-75.11865,40.02618],[-75.11718,40.0264],[-75.11658,40.02648],[-75.11546,40.02665],[-75.11446,40.02679],[-75.11456,40.02709],[-75.11289,40.02734],[-75.11288,40.02731],[-75.11286,40.02708],[-75.11281,40.02687],[-75.11274,40.02627],[-75.1127,40.02615],[-75.11264,40.02604],[-75.11254,40.02595],[-75.1124,40.02589],[-75.1122,40.02582],[-75.11201,40.02576],[-75.11185,40.02573],[-75.11167,40.02571],[-75.11149,40.02565],[-75.11143,40.02559],[-75.11137,40.02551],[-75.11138,40.02533],[-75.11146,40.02493],[-75.11152,40.02478],[-75.11155,40.02468],[-75.11155,40.02455],[-75.11152,40.0244],[-75.11136,40.02374],[-75.11137,40.02362],[-75.11133,40.02352],[-75.11125,40.02336],[-75.11119,40.02326],[-75.11103,40.02304],[-75.111,40.0229],[-75.11099,40.0228],[-75.11094,40.02265],[-75.11085,40.02251],[-75.1107,40.02242],[-75.11044,40.02234],[-75.11018,40.02229],[-75.10998,40.02224],[-75.10982,40.02222],[-75.10969,40.02217]]]]}},{"type":"Feature","properties":{"name":"North Delaware","abbrev":"NDEL"},"geometry":{"type":"MultiPolygon","coordinates":[[[[-74.98159,40.05363],[-74.98139,40.0536],[-74.98101,40.0536],[-74.98065,40.05364],[-74.98049,40.05365],[-74.98009,40.05364],[-74.97984,40.05361],[-74.97966,40.05353],[-74.97951,40.05341],[-74.97887,40.05284],[-74.97827,40.05245],[-74.97479,40.04932],[-74.97576,40.04816],[-74.97622,40.04771],[-74.97664,40.04742],[-74.97719,40.04717],[-74.9792,40.0466],[-74.97989,40.04635],[-74.98059,40.04595],[-74.98117,40.04554],[-74.98175,40.04507],[-74.98235,40.04448],[-74.98313,40.04352],[-74.98383,40.04272],[-74.98443,40.04216],[-74.98494,40.04178],[-74.98556,40.04136],[-74.98628,40.04095],[-74.98703,40.04049],[-74.98771,40.03997],[-74.99256,40.03577],[-74.99773,40.03117],[-74.99876,40.03029],[-74.99976,40.02961],[-75.00086,40.02897],[-75.00623,40.02568],[-75.00969,40.02347],[-75.01063,40.02279],[-75.0126,40.02128],[-75.01368,40.02061],[-75.01487,40.0199],[-75.01628,40.01922],[-75.01826,40.01839],[-75.01937,40.01799],[-75.02042,40.01771],[-75.0225,40.01729],[-75.02377,40.01708],[-75.02658,40.01667],[-75.03097,40.01609],[-75.03305,40.01574],[-75.03478,40.01543],[-75.03658,40.01496],[-75.03849,40.01434],[-75.04038,40.01362],[-75.04167,40.01306],[-75.0436,40.01211],[-75.04701,40.01031],[-75.04803,40.00973],[-75.04883,40.00919],[-75.04994,40.00839],[-75.05092,40.00763],[-75.05171,40.007],[-75.05236,40.00639],[-75.05288,40.00575],[-75.05422,40.0037],[-75.05436,40.00351],[-75.05938,40.00567],[-75.06023,40.0061],[-75.06084,40.00636],[-75.06105,40.00649],[-75.06123,40.00657],[-75.06161,40.00665],[-75.06188,40.00658],[-75.06216,40.00646],[-75.06243,40.00618],[-75.06266,40.00609],[-75.06296,40.00602],[-75.06325,40.006],[-75.06408,40.00605],[-75.06468,40.00606],[-75.06552,40.00599],[-75.06594,40.0059],[-75.06662,40.00568],[-75.06766,40.00525],[-75.06835,40.00693],[-75.06851,40.00745],[-75.06883,40.00865],[-75.06889,40.0088],[-75.06905,40.00929],[-75.06929,40.01009],[-75.06939,40.01047],[-75.06951,40.01081],[-75.06868,40.01101],[-75.06753,40.0113],[-75.0672,40.01137],[-75.06557,40.01177],[-75.06524,40.01184],[-75.0636,40.01224],[-75.06166,40.01269],[-75.06103,40.01286],[-75.06306,40.01517],[-75.06339,40.01553],[-75.06432,40.01659],[-75.06512,40.01752],[-75.06863,40.02152],[-75.06909,40.02191],[-75.06985,40.02246],[-75.07327,40.02539],[-75.07514,40.02686],[-75.07549,40.02708],[-75.07433,40.02848],[-75.07374,40.02979],[-75.07346,40.03039],[-75.07248,40.03234],[-75.07225,40.03277],[-75.072,40.03319],[-75.07183,40.03351],[-75.07147,40.03414],[-75.07123,40.03458],[-75.0711,40.03475],[-75.06767,40.03554],[-75.06437,40.03632],[-75.06357,40.03649],[-75.0632,40.03659],[-75.0629,40.03671],[-75.06254,40.03688],[-75.06212,40.03711],[-75.06183,40.03731],[-75.06141,40.03765],[-75.06101,40.03802],[-75.0588,40.04011],[-75.05856,40.04032],[-75.05671,40.04207],[-75.05612,40.04265],[-75.05603,40.04276],[-75.05561,40.0432],[-75.05493,40.04386],[-75.05429,40.04445],[-75.05429,40.04446],[-75.05221,40.0464],[-75.05219,40.04643],[-75.05169,40.04697],[-75.05163,40.04708],[-75.0506,40.04695],[-75.04938,40.04678],[-75.04916,40.04673],[-75.04882,40.04663],[-75.04828,40.04643],[-75.04798,40.04634],[-75.04778,40.04626],[-75.04755,40.04627],[-75.04527,40.04652],[-75.04527,40.04664],[-75.04502,40.04666],[-75.04451,40.04672],[-75.04435,40.04675],[-75.0441,40.04683],[-75.04386,40.04695],[-75.04364,40.0471],[-75.04332,40.04742],[-75.04319,40.04753],[-75.043,40.04767],[-75.04282,40.04776],[-75.04265,40.04783],[-75.04246,40.0479],[-75.04225,40.04795],[-75.04188,40.048],[-75.04167,40.048],[-75.04125,40.04796],[-75.04081,40.04784],[-75.04049,40.04769],[-75.04022,40.04751],[-75.04014,40.04743],[-75.04005,40.04734],[-75.03992,40.04719],[-75.03977,40.04695],[-75.03969,40.04671],[-75.03967,40.0466],[-75.03966,40.04647],[-75.03963,40.04637],[-75.03957,40.04627],[-75.03949,40.04618],[-75.03939,40.0461],[-75.03914,40.04601],[-75.039,40.04599],[-75.03793,40.04592],[-75.0377,40.04587],[-75.03748,40.0458],[-75.03731,40.04573],[-75.03719,40.04566],[-75.03707,40.04558],[-75.03664,40.04521],[-75.03649,40.0451],[-75.03636,40.04502],[-75.03602,40.04486],[-75.03565,40.04475],[-75.03543,40.0447],[-75.03525,40.04467],[-75.03495,40.04465],[-75.03469,40.04465],[-75.03435,40.04469],[-75.03414,40.04473],[-75.03386,40.04481],[-75.03357,40.04494],[-75.03348,40.04482],[-75.03164,40.04567],[-75.03154,40.04569],[-75.03161,40.04576],[-75.03178,40.04615],[-75.03184,40.04644],[-75.03185,40.04682],[-75.03178,40.04715],[-75.03171,40.04734],[-75.03152,40.04759],[-75.0313,40.04786],[-75.03121,40.04799],[-75.03086,40.04823],[-75.03049,40.04842],[-75.03032,40.04849],[-75.02994,40.0486],[-75.02967,40.04864],[-75.02936,40.04867],[-75.0289,40.04866],[-75.02623,40.04828],[-75.02604,40.04817],[-75.02534,40.04852],[-75.02432,40.04899],[-75.02438,40.04909],[-75.02412,40.04919],[-75.02394,40.04925],[-75.02385,40.04926],[-75.02371,40.04929],[-75.02326,40.04932],[-75.02311,40.04931],[-75.02291,40.04928],[-75.02253,40.04919],[-75.02199,40.049],[-75.02169,40.04885],[-75.0214,40.04867],[-75.02102,40.04838],[-75.02086,40.04824],[-75.02067,40.04804],[-75.02064,40.04798],[-75.02049,40.04779],[-75.02034,40.04753],[-75.02019,40.04715],[-75.0201,40.04677],[-75.02008,40.04639],[-75.02013,40.04601],[-75.02054,40.04576],[-75.02077,40.04556],[-75.02117,40.04513],[-75.02133,40.0449],[-75.02146,40.04466],[-75.02157,40.04441],[-75.02172,40.04389],[-75.02175,40.04368],[-75.02028,40.04353],[-75.01953,40.04363],[-75.0189,40.04384],[-75.01844,40.04413],[-75.01748,40.04486],[-75.01743,40.04489],[-75.01638,40.04568],[-75.01402,40.04748],[-75.01228,40.04889],[-75.01154,40.0495],[-75.01015,40.05062],[-75.00797,40.05232],[-75.00789,40.05239],[-75.0048,40.05476],[-75.00299,40.05601],[-75.00118,40.05724],[-75.00109,40.05728],[-74.99989,40.05764],[-74.99944,40.05777],[-74.99826,40.05809],[-74.99698,40.05843],[-74.99565,40.05876],[-74.993,40.05945],[-74.99204,40.05969],[-74.99158,40.05984],[-74.99126,40.05996],[-74.99092,40.06011],[-74.9907,40.06024],[-74.99043,40.06041],[-74.98839,40.06164],[-74.98794,40.06192],[-74.98558,40.06335],[-74.98495,40.06367],[-74.98417,40.06408],[-74.98374,40.06427],[-74.98326,40.06443],[-74.98283,40.06456],[-74.98236,40.06468],[-74.98106,40.06494],[-74.98097,40.06468],[-74.98093,40.06451],[-74.98091,40.06423],[-74.98091,40.06406],[-74.98094,40.06391],[-74.98098,40.06379],[-74.98104,40.06343],[-74.98108,40.06331],[-74.9811,40.0632],[-74.98109,40.06311],[-74.98102,40.06294],[-74.98094,40.06282],[-74.98081,40.0626],[-74.98081,40.06251],[-74.98083,40.06241],[-74.98091,40.06219],[-74.98099,40.06209],[-74.98103,40.06187],[-74.981,40.0617],[-74.98095,40.0616],[-74.98091,40.06142],[-74.98092,40.06131],[-74.98094,40.06121],[-74.98094,40.0611],[-74.98092,40.06089],[-74.98089,40.0608],[-74.98084,40.06069],[-74.98077,40.06061],[-74.98055,40.06046],[-74.98048,40.06039],[-74.98043,40.06029],[-74.98043,40.0602],[-74.98049,40.06009],[-74.98056,40.06003],[-74.98067,40.06],[-74.98094,40.05995],[-74.98109,40.0599],[-74.98121,40.05982],[-74.9814,40.05967],[-74.98199,40.05898],[-74.98219,40.05876],[-74.98261,40.05851],[-74.98296,40.05836],[-74.98333,40.05814],[-74.98352,40.05805],[-74.98384,40.05795],[-74.984,40.05793],[-74.98429,40.05785],[-74.98437,40.05779],[-74.98454,40.05764],[-74.98507,40.0573],[-74.98515,40.05721],[-74.98519,40.05711],[-74.98517,40.05695],[-74.98512,40.05689],[-74.98495,40.05672],[-74.98482,40.05661],[-74.98469,40.05652],[-74.9845,40.0563],[-74.98441,40.05621],[-74.98434,40.05607],[-74.98427,40.05581],[-74.98425,40.05544],[-74.98425,40.05519],[-74.98421,40.05514],[-74.98418,40.05508],[-74.98407,40.055],[-74.9838,40.05484],[-74.98374,40.05475],[-74.98362,40.0545],[-74.98348,40.05441],[-74.98279,40.05393],[-74.98254,40.05383],[-74.98232,40.05381],[-74.98219,40.05377],[-74.98183,40.0537],[-74.98159,40.05363]]]]}},{"type":"Feature","properties":{"name":"River Wards","abbrev":"RW"},"geometry":{"type":"MultiPolygon","coordinates":[[[[-75.09798,40.00496],[-75.09485,40.00669],[-75.09411,40.00711],[-75.09258,40.00794],[-75.09222,40.00752],[-75.09212,40.00723],[-75.09216,40.007],[-75.09232,40.00679],[-75.09254,40.00662],[-75.09276,40.00638],[-75.09285,40.00614],[-75.09291,40.00587],[-75.09283,40.00571],[-75.0926,40.00541],[-75.09234,40.00518],[-75.09222,40.00504],[-75.0921,40.00488],[-75.09184,40.00474],[-75.09141,40.00456],[-75.09098,40.00445],[-75.09085,40.00441],[-75.09015,40.00416],[-75.08998,40.00432],[-75.08952,40.00472],[-75.08929,40.00491],[-75.08904,40.00509],[-75.08877,40.00525],[-75.08851,40.00542],[-75.08801,40.00578],[-75.08774,40.00594],[-75.08745,40.00609],[-75.08716,40.00622],[-75.08686,40.00635],[-75.08655,40.00647],[-75.08593,40.00669],[-75.0853,40.00689],[-75.08465,40.00707],[-75.08367,40.0073],[-75.08309,40.00745],[-75.08302,40.00746],[-75.08269,40.00754],[-75.08237,40.00763],[-75.07878,40.00851],[-75.07846,40.00859],[-75.07845,40.0086],[-75.07813,40.00867],[-75.07748,40.00884],[-75.07652,40.00907],[-75.07428,40.00963],[-75.07324,40.00988],[-75.07227,40.01013],[-75.07171,40.01026],[-75.06951,40.01081],[-75.06939,40.01047],[-75.06929,40.01009],[-75.06905,40.00929],[-75.06889,40.0088],[-75.06883,40.00865],[-75.06851,40.00745],[-75.06835,40.00693],[-75.06766,40.00525],[-75.06662,40.00568],[-75.06594,40.0059],[-75.06552,40.00599],[-75.06468,40.00606],[-75.06408,40.00605],[-75.06325,40.006],[-75.06296,40.00602],[-75.06266,40.00609],[-75.06243,40.00618],[-75.06216,40.00646],[-75.06188,40.00658],[-75.06161,40.00665],[-75.06123,40.00657],[-75.06105,40.00649],[-75.06084,40.00636],[-75.06023,40.0061],[-75.05938,40.00567],[-75.05436,40.00351],[-75.05516,40.0024],[-75.05603,40.00093],[-75.05694,39.99942],[-75.05781,39.99785],[-75.05843,39.99667],[-75.05882,39.99573],[-75.0594,39.9942],[-75.06008,39.99258],[-75.06053,39.99168],[-75.06111,39.99056],[-75.06262,39.98816],[-75.06319,39.98735],[-75.06395,39.98637],[-75.06447,39.98582],[-75.06498,39.98537],[-75.06809,39.98309],[-75.06939,39.98201],[-75.07014,39.98145],[-75.0712,39.98074],[-75.07224,39.98013],[-75.07323,39.97957],[-75.0745,39.97894],[-75.07582,39.97836],[-75.07723,39.97783],[-75.0783,39.97746],[-75.07926,39.97718],[-75.08031,39.97692],[-75.0815,39.97661],[-75.08639,39.97567],[-75.09347,39.97445],[-75.09402,39.97435],[-75.09608,39.97394],[-75.09918,39.97327],[-75.10135,39.97273],[-75.10317,39.97221],[-75.10508,39.9716],[-75.10676,39.97097],[-75.11051,39.96952],[-75.11289,39.96854],[-75.11882,39.96596],[-75.11945,39.96568],[-75.12337,39.96378],[-75.12593,39.96247],[-75.1287,39.96699],[-75.12952,39.96665],[-75.12977,39.96659],[-75.13369,39.96504],[-75.13435,39.96449],[-75.13442,39.96478],[-75.13441,39.9661],[-75.13443,39.9676],[-75.13444,39.97038],[-75.13442,39.97094],[-75.1344,39.97225],[-75.1343,39.97243],[-75.13406,39.97291],[-75.13377,39.9734],[-75.13338,39.9741],[-75.13267,39.97531],[-75.13136,39.97761],[-75.13124,39.9778],[-75.13117,39.97788],[-75.13045,39.9786],[-75.13303,39.9801],[-75.13319,39.98014],[-75.13288,39.98155],[-75.13288,39.98164],[-75.13255,39.98318],[-75.13252,39.98328],[-75.13191,39.98615],[-75.13191,39.98632],[-75.1308,39.98694],[-75.12964,39.98756],[-75.12795,39.98849],[-75.12737,39.9888],[-75.12644,39.98932],[-75.12597,39.98957],[-75.12549,39.98985],[-75.12443,39.99042],[-75.12369,39.99085],[-75.12256,39.99144],[-75.12155,39.99201],[-75.12031,39.99268],[-75.1197,39.99303],[-75.11827,39.99381],[-75.11805,39.99394],[-75.114,39.99615],[-75.11323,39.99659],[-75.11156,39.99748],[-75.11099,39.99781],[-75.10985,39.99845],[-75.1093,39.99875],[-75.10873,39.99904],[-75.10815,39.99937],[-75.1076,39.99967],[-75.10645,40.00033],[-75.10543,40.00088],[-75.1042,40.00153],[-75.10309,40.00216],[-75.09937,40.00421],[-75.09798,40.00496]]]]}},{"type":"Feature","properties":{"name":"South","abbrev":"STH"},"geometry":{"type":"MultiPolygon","coordinates":[[[[-75.19461,39.94217],[-75.19443,39.94216],[-75.19407,39.94217],[-75.19358,39.94223],[-75.19259,39.94161],[-75.18901,39.93943],[-75.18872,39.93958],[-75.18824,39.93989],[-75.18798,39.94007],[-75.18745,39.94037],[-75.18655,39.94024],[-75.18632,39.9402],[-75.18534,39.94009],[-75.18496,39.94009],[-75.18314,39.9399],[-75.17984,39.93949],[-75.17631,39.93903],[-75.17475,39.93884],[-75.17373,39.93873],[-75.17318,39.93865],[-75.17268,39.9386],[-75.17161,39.93846],[-75.17053,39.93834],[-75.17003,39.93827],[-75.16845,39.93809],[-75.16682,39.93788],[-75.16671,39.93785],[-75.16623,39.94004],[-75.16414,39.93977],[-75.16092,39.93938],[-75.15942,39.93919],[-75.15863,39.9391],[-75.15785,39.93899],[-75.15678,39.93869],[-75.15632,39.93858],[-75.15481,39.93816],[-75.15023,39.93693],[-75.14994,39.93685],[-75.14993,39.93684],[-75.1487,39.9365],[-75.14489,39.93547],[-75.14512,39.9346],[-75.1454,39.93339],[-75.14554,39.93343],[-75.14571,39.93345],[-75.14584,39.93284],[-75.14591,39.93255],[-75.14608,39.93172],[-75.14617,39.93133],[-75.14637,39.93024],[-75.14642,39.93012],[-75.1462,39.93013],[-75.14458,39.92992],[-75.14448,39.92986],[-75.14407,39.92979],[-75.13515,39.92863],[-75.1348,39.92776],[-75.13443,39.92681],[-75.13401,39.92583],[-75.13138,39.92006],[-75.13076,39.91849],[-75.13044,39.91757],[-75.13019,39.91668],[-75.12999,39.91589],[-75.12968,39.91423],[-75.12938,39.91233],[-75.1293,39.91131],[-75.12924,39.91018],[-75.1292,39.90913],[-75.12923,39.90822],[-75.12929,39.9074],[-75.1294,39.90664],[-75.12965,39.90543],[-75.12969,39.90527],[-75.12995,39.9053],[-75.14946,39.90866],[-75.15188,39.90907],[-75.15452,39.90978],[-75.15663,39.91015],[-75.15974,39.9108],[-75.16079,39.91095],[-75.1758,39.91284],[-75.17764,39.91308],[-75.17781,39.91309],[-75.17781,39.9131],[-75.18023,39.9134],[-75.18112,39.91347],[-75.18189,39.91352],[-75.18189,39.91353],[-75.18261,39.91358],[-75.18841,39.91435],[-75.18856,39.91439],[-75.18886,39.9145],[-75.189,39.91456],[-75.18926,39.9147],[-75.18938,39.91478],[-75.18961,39.91496],[-75.18981,39.91516],[-75.19005,39.91548],[-75.19016,39.91571],[-75.19025,39.91595],[-75.19029,39.9162],[-75.1903,39.91632],[-75.1903,39.91645],[-75.18942,39.92101],[-75.18944,39.92125],[-75.18953,39.9216],[-75.18965,39.92182],[-75.19006,39.92172],[-75.1925,39.92127],[-75.19505,39.92102],[-75.19475,39.92237],[-75.19467,39.92243],[-75.19444,39.92244],[-75.19362,39.92235],[-75.19327,39.92383],[-75.19321,39.92458],[-75.19343,39.92485],[-75.19328,39.92486],[-75.19298,39.92505],[-75.19366,39.9258],[-75.19409,39.92624],[-75.19436,39.92655],[-75.19438,39.92655],[-75.19455,39.92674],[-75.19589,39.92817],[-75.19618,39.92844],[-75.19693,39.92917],[-75.19724,39.92943],[-75.19818,39.9303],[-75.19839,39.93055],[-75.19959,39.93182],[-75.19976,39.93213],[-75.19985,39.93246],[-75.19986,39.93267],[-75.19984,39.93288],[-75.19973,39.93328],[-75.19951,39.93443],[-75.19951,39.93452],[-75.19948,39.93459],[-75.19926,39.93572],[-75.19905,39.93657],[-75.19901,39.9367],[-75.19895,39.93682],[-75.19885,39.93697],[-75.19909,39.93702],[-75.19832,39.9378],[-75.19802,39.93809],[-75.19851,39.9382],[-75.19866,39.93821],[-75.2002,39.93855],[-75.20035,39.93814],[-75.20114,39.93748],[-75.20127,39.93748],[-75.2033,39.93792],[-75.20387,39.93814],[-75.20448,39.93844],[-75.20522,39.93875],[-75.20521,39.93931],[-75.20525,39.94014],[-75.20524,39.94056],[-75.20521,39.94084],[-75.20513,39.9414],[-75.20504,39.94182],[-75.20494,39.94208],[-75.20481,39.94234],[-75.20464,39.94258],[-75.20442,39.94281],[-75.20417,39.94302],[-75.20403,39.94312],[-75.20376,39.94329],[-75.20345,39.94343],[-75.20311,39.94355],[-75.20243,39.94376],[-75.20191,39.94388],[-75.20173,39.94391],[-75.20138,39.94395],[-75.20102,39.94397],[-75.20083,39.94397],[-75.20047,39.94394],[-75.20012,39.94388],[-75.19977,39.9438],[-75.19927,39.94365],[-75.19795,39.94317],[-75.19748,39.94296],[-75.19702,39.94274],[-75.1969,39.94269],[-75.19637,39.9425],[-75.19603,39.9424],[-75.19568,39.94232],[-75.19515,39.94222],[-75.19479,39.94218],[-75.19461,39.94217]]]]}},{"type":"Feature","properties":{"name":"University Southwest","abbrev":"USW"},"geometry":{"type":"MultiPolygon","coordinates":[[[[-75.18742,39.96338],[-75.18644,39.96349],[-75.18565,39.96364],[-75.18521,39.96377],[-75.18431,39.96411],[-75.18375,39.96429],[-75.18347,39.96435],[-75.1834,39.96425],[-75.18337,39.96423],[-75.18323,39.96405],[-75.18315,39.96397],[-75.18308,39.96388],[-75.18305,39.96386],[-75.18288,39.96366],[-75.18282,39.96361],[-75.18275,39.96352],[-75.18269,39.96347],[-75.18262,39.96338],[-75.18259,39.96336],[-75.18254,39.9633],[-75.18248,39.96325],[-75.18246,39.96322],[-75.18232,39.96308],[-75.1823,39.96305],[-75.18227,39.96303],[-75.18222,39.96297],[-75.18219,39.96295],[-75.18204,39.96278],[-75.18193,39.96267],[-75.18191,39.96264],[-75.18185,39.96259],[-75.18163,39.96233],[-75.1816,39.96231],[-75.18148,39.96216],[-75.18145,39.96214],[-75.18131,39.96196],[-75.18128,39.96194],[-75.18112,39.96173],[-75.18109,39.96171],[-75.18104,39.96165],[-75.18093,39.9615],[-75.18083,39.96139],[-75.18079,39.96133],[-75.18062,39.96112],[-75.18056,39.96103],[-75.18053,39.96101],[-75.18036,39.96077],[-75.18033,39.96074],[-75.18023,39.96059],[-75.1802,39.96056],[-75.17986,39.96005],[-75.17985,39.96002],[-75.17984,39.96002],[-75.17983,39.95998],[-75.17977,39.95986],[-75.1797,39.95962],[-75.1797,39.95959],[-75.17966,39.95945],[-75.17965,39.95938],[-75.1796,39.95922],[-75.17959,39.95915],[-75.17944,39.95865],[-75.17944,39.95861],[-75.17939,39.95844],[-75.17939,39.95841],[-75.17937,39.95834],[-75.17937,39.95831],[-75.17935,39.95824],[-75.17935,39.95821],[-75.17932,39.95807],[-75.17931,39.95787],[-75.1793,39.95784],[-75.1793,39.95763],[-75.17931,39.9576],[-75.17931,39.9575],[-75.17935,39.95719],[-75.17937,39.95712],[-75.17939,39.95699],[-75.17942,39.95688],[-75.17942,39.95685],[-75.17951,39.95655],[-75.17953,39.95652],[-75.17956,39.95642],[-75.17958,39.95639],[-75.1796,39.95632],[-75.17962,39.95629],[-75.17968,39.95613],[-75.1797,39.9561],[-75.17972,39.95603],[-75.17974,39.956],[-75.17977,39.9559],[-75.17979,39.95587],[-75.17989,39.95553],[-75.17992,39.95545],[-75.17995,39.95533],[-75.17995,39.9553],[-75.18002,39.95507],[-75.18002,39.95503],[-75.18008,39.95483],[-75.1801,39.9548],[-75.18014,39.95467],[-75.18016,39.95464],[-75.18017,39.9546],[-75.18023,39.95448],[-75.18024,39.95444],[-75.18028,39.95438],[-75.18031,39.95432],[-75.18032,39.95428],[-75.18041,39.95413],[-75.18042,39.95409],[-75.18053,39.95391],[-75.18056,39.95384],[-75.18069,39.95363],[-75.18074,39.95353],[-75.18082,39.95341],[-75.18085,39.95334],[-75.18091,39.95325],[-75.18104,39.953],[-75.1811,39.95291],[-75.18113,39.95284],[-75.18119,39.95275],[-75.1812,39.95272],[-75.18126,39.95262],[-75.18127,39.95259],[-75.18133,39.9525],[-75.18141,39.95234],[-75.18149,39.95222],[-75.18157,39.95206],[-75.18165,39.95194],[-75.18166,39.9519],[-75.18179,39.95169],[-75.1818,39.95165],[-75.18188,39.95153],[-75.18189,39.9515],[-75.18202,39.95127],[-75.18228,39.95074],[-75.18243,39.95049],[-75.18261,39.95025],[-75.18281,39.95002],[-75.18292,39.94991],[-75.18352,39.94939],[-75.18493,39.9483],[-75.18612,39.94744],[-75.18639,39.94726],[-75.18652,39.94716],[-75.18679,39.94698],[-75.18688,39.94693],[-75.1864,39.94658],[-75.18646,39.94651],[-75.18686,39.94629],[-75.18706,39.94612],[-75.1871,39.94606],[-75.18711,39.94603],[-75.18724,39.94603],[-75.18732,39.94601],[-75.18759,39.94583],[-75.1876,39.94583],[-75.18758,39.9458],[-75.18761,39.94576],[-75.18767,39.94576],[-75.18772,39.94575],[-75.18786,39.94561],[-75.18804,39.94548],[-75.18817,39.94543],[-75.18823,39.94535],[-75.18835,39.94527],[-75.18852,39.94513],[-75.1886,39.94508],[-75.18871,39.945],[-75.18875,39.94496],[-75.1888,39.94493],[-75.18884,39.94488],[-75.18895,39.94478],[-75.18913,39.94467],[-75.18928,39.94453],[-75.18936,39.94448],[-75.18949,39.94433],[-75.18957,39.94425],[-75.18962,39.94418],[-75.18994,39.94389],[-75.19001,39.94384],[-75.19022,39.94364],[-75.1903,39.94354],[-75.1904,39.94344],[-75.19061,39.94326],[-75.19101,39.94288],[-75.19164,39.94325],[-75.19175,39.94314],[-75.19211,39.94283],[-75.19224,39.94273],[-75.19238,39.94264],[-75.19285,39.94243],[-75.19302,39.94237],[-75.19319,39.94232],[-75.19353,39.94224],[-75.19371,39.94221],[-75.19397,39.94218],[-75.19425,39.94216],[-75.19443,39.94216],[-75.19479,39.94218],[-75.19515,39.94222],[-75.19568,39.94232],[-75.19603,39.9424],[-75.19637,39.9425],[-75.1969,39.94269],[-75.19702,39.94274],[-75.19748,39.94296],[-75.19795,39.94317],[-75.19927,39.94365],[-75.19977,39.9438],[-75.20012,39.94388],[-75.20047,39.94394],[-75.20083,39.94397],[-75.20102,39.94397],[-75.20138,39.94395],[-75.20173,39.94391],[-75.20191,39.94388],[-75.20243,39.94376],[-75.20277,39.94366],[-75.20345,39.94343],[-75.20376,39.94329],[-75.20403,39.94312],[-75.20417,39.94302],[-75.20429,39.94292],[-75.20442,39.94281],[-75.20464,39.94258],[-75.20481,39.94234],[-75.20494,39.94208],[-75.20504,39.94182],[-75.20513,39.9414],[-75.20523,39.94066],[-75.20525,39.94028],[-75.20524,39.93987],[-75.20521,39.93931],[-75.20521,39.93903],[-75.20522,39.93889],[-75.20522,39.93819],[-75.20523,39.93805],[-75.20523,39.93777],[-75.20528,39.93708],[-75.20531,39.9368],[-75.20537,39.93638],[-75.20542,39.9361],[-75.20554,39.93569],[-75.20562,39.93549],[-75.20571,39.9353],[-75.20587,39.93506],[-75.20605,39.93481],[-75.20655,39.93423],[-75.20674,39.93399],[-75.20704,39.93364],[-75.20723,39.9334],[-75.20753,39.93306],[-75.20833,39.93212],[-75.209,39.9313],[-75.20976,39.93035],[-75.20994,39.93011],[-75.21004,39.92999],[-75.21058,39.92927],[-75.21075,39.92902],[-75.21093,39.92878],[-75.21135,39.92816],[-75.21151,39.92791],[-75.21186,39.92727],[-75.21192,39.92714],[-75.21207,39.92674],[-75.21212,39.9266],[-75.2122,39.92633],[-75.21227,39.92605],[-75.21236,39.92564],[-75.21244,39.92515],[-75.21671,39.92695],[-75.21937,39.92804],[-75.21949,39.92813],[-75.22055,39.92901],[-75.22059,39.92906],[-75.22111,39.92948],[-75.22152,39.92984],[-75.222,39.93023],[-75.2233,39.93132],[-75.22331,39.93132],[-75.22523,39.93296],[-75.22725,39.93467],[-75.22932,39.93321],[-75.22964,39.93299],[-75.22977,39.93291],[-75.23025,39.93256],[-75.23548,39.92889],[-75.23593,39.92899],[-75.237,39.92918],[-75.23847,39.92949],[-75.23905,39.92984],[-75.24381,39.93075],[-75.2437,39.93083],[-75.24364,39.93092],[-75.24361,39.93109],[-75.24356,39.9312],[-75.24348,39.93147],[-75.24344,39.93158],[-75.2434,39.93178],[-75.2434,39.93184],[-75.24328,39.93197],[-75.24311,39.93207],[-75.24305,39.93216],[-75.24294,39.93228],[-75.24285,39.93242],[-75.24272,39.93259],[-75.24263,39.93275],[-75.24245,39.93293],[-75.24235,39.93305],[-75.24224,39.93324],[-75.24213,39.93338],[-75.24201,39.93344],[-75.24189,39.93348],[-75.24172,39.93351],[-75.24156,39.93352],[-75.24098,39.93362],[-75.24076,39.93363],[-75.24052,39.9336],[-75.24025,39.93353],[-75.2399,39.93341],[-75.23961,39.93333],[-75.23942,39.93324],[-75.23929,39.93314],[-75.23911,39.93302],[-75.23886,39.93283],[-75.23865,39.93271],[-75.2385,39.93265],[-75.23779,39.9325],[-75.23756,39.93253],[-75.23744,39.93257],[-75.23722,39.9327],[-75.23702,39.93293],[-75.23691,39.93308],[-75.23679,39.93327],[-75.23666,39.93355],[-75.23664,39.9338],[-75.23666,39.9341],[-75.23665,39.93421],[-75.23653,39.93469],[-75.23647,39.93486],[-75.23639,39.93518],[-75.23632,39.93533],[-75.23617,39.93542],[-75.23602,39.93553],[-75.23586,39.93563],[-75.23546,39.93583],[-75.23527,39.93597],[-75.23498,39.93623],[-75.23492,39.93634],[-75.23492,39.9366],[-75.23485,39.93669],[-75.23478,39.93676],[-75.23475,39.93689],[-75.23479,39.93705],[-75.23478,39.9372],[-75.2348,39.93735],[-75.23492,39.93756],[-75.23497,39.93776],[-75.23498,39.93803],[-75.23501,39.93814],[-75.23516,39.93828],[-75.2353,39.93833],[-75.23549,39.93837],[-75.23615,39.93844],[-75.23635,39.93847],[-75.2365,39.93847],[-75.23688,39.93844],[-75.23745,39.93833],[-75.23762,39.93828],[-75.23797,39.93823],[-75.23818,39.93824],[-75.23833,39.93823],[-75.23874,39.93819],[-75.23887,39.93816],[-75.23901,39.93815],[-75.23934,39.93817],[-75.23945,39.93816],[-75.23971,39.93816],[-75.23992,39.93818],[-75.24014,39.93826],[-75.24041,39.93847],[-75.24077,39.9388],[-75.24074,39.93898],[-75.2407,39.93908],[-75.24063,39.9392],[-75.24055,39.93929],[-75.24043,39.93938],[-75.24034,39.93947],[-75.24024,39.93958],[-75.24015,39.93972],[-75.24002,39.93985],[-75.23991,39.94005],[-75.2398,39.94017],[-75.23964,39.94031],[-75.23953,39.94044],[-75.23941,39.94062],[-75.2394,39.94075],[-75.23946,39.94104],[-75.2395,39.94117],[-75.23956,39.94131],[-75.23963,39.94143],[-75.23974,39.9416],[-75.23985,39.94174],[-75.24008,39.942],[-75.24015,39.9421],[-75.24025,39.94215],[-75.24037,39.94218],[-75.24052,39.9422],[-75.24118,39.94227],[-75.24145,39.94228],[-75.24159,39.94226],[-75.24204,39.94225],[-75.24261,39.94228],[-75.24307,39.94229],[-75.24318,39.94232],[-75.24334,39.94234],[-75.24342,39.94241],[-75.24353,39.94245],[-75.24407,39.94251],[-75.24466,39.9426],[-75.24502,39.94261],[-75.24523,39.94263],[-75.24574,39.94261],[-75.24619,39.94262],[-75.24635,39.94265],[-75.24657,39.94271],[-75.24666,39.94277],[-75.24675,39.94287],[-75.24682,39.94298],[-75.24687,39.94314],[-75.24697,39.94327],[-75.24703,39.94342],[-75.24586,39.94382],[-75.24522,39.94407],[-75.24342,39.9447],[-75.24177,39.94531],[-75.24027,39.94588],[-75.23934,39.94608],[-75.23873,39.9462],[-75.23727,39.94647],[-75.23614,39.94674],[-75.23587,39.94682],[-75.23581,39.94685],[-75.23505,39.947],[-75.23436,39.94718],[-75.23127,39.94792],[-75.2303,39.94781],[-75.22945,39.94779],[-75.2254,39.94777],[-75.22524,39.94775],[-75.22495,39.94775],[-75.22332,39.94793],[-75.22333,39.94802],[-75.22275,39.95076],[-75.22228,39.95305],[-75.22219,39.95342],[-75.22206,39.95411],[-75.22204,39.95418],[-75.22193,39.95473],[-75.22156,39.95647],[-75.2215,39.95684],[-75.2214,39.95724],[-75.22125,39.95799],[-75.22092,39.95951],[-75.21918,39.9593],[-75.217,39.95902],[-75.21402,39.95865],[-75.21355,39.9606],[-75.2134,39.96116],[-75.21306,39.96259],[-75.21193,39.96267],[-75.21049,39.96258],[-75.20982,39.96246],[-75.20906,39.96234],[-75.20898,39.96232],[-75.20236,39.96287],[-75.20224,39.96165],[-75.20014,39.96197],[-75.19252,39.96282],[-75.19148,39.96293],[-75.19139,39.96293],[-75.18849,39.96326],[-75.18803,39.9633],[-75.18742,39.96338]]]]}},{"type":"Feature","properties":{"name":"Upper Far Northeast","abbrev":"UFNE"},"geometry":{"type":"MultiPolygon","coordinates":[[[[-74.99854,40.12821],[-74.99789,40.12783],[-74.99757,40.12813],[-74.99745,40.12826],[-74.9942,40.13152],[-74.99385,40.13186],[-74.99367,40.13174],[-74.99343,40.13156],[-74.99336,40.13147],[-74.99321,40.13133],[-74.99292,40.13096],[-74.99278,40.13073],[-74.99275,40.13061],[-74.99275,40.13051],[-74.99277,40.13043],[-74.99282,40.13031],[-74.99287,40.13023],[-74.99294,40.13021],[-74.99305,40.1302],[-74.99311,40.1301],[-74.9931,40.1299],[-74.99314,40.1298],[-74.99319,40.12977],[-74.99348,40.12968],[-74.99353,40.12964],[-74.9935,40.12952],[-74.99345,40.12944],[-74.99342,40.12918],[-74.99342,40.12901],[-74.99351,40.12878],[-74.99366,40.12876],[-74.99369,40.12868],[-74.99378,40.12862],[-74.99381,40.12852],[-74.9938,40.12847],[-74.99366,40.12839],[-74.99369,40.12822],[-74.99367,40.12812],[-74.99375,40.12792],[-74.9939,40.12776],[-74.9941,40.12762],[-74.99424,40.12751],[-74.99441,40.12729],[-74.99453,40.12696],[-74.99455,40.12669],[-74.99434,40.12621],[-74.99428,40.12615],[-74.99415,40.1261],[-74.99393,40.12606],[-74.99348,40.12601],[-74.99288,40.12591],[-74.99237,40.12594],[-74.99205,40.12599],[-74.99146,40.12614],[-74.99107,40.12621],[-74.99078,40.12628],[-74.99062,40.1263],[-74.9903,40.12624],[-74.98956,40.12624],[-74.98916,40.12617],[-74.98906,40.12612],[-74.98898,40.1258],[-74.98899,40.12573],[-74.98907,40.12564],[-74.98907,40.12558],[-74.98902,40.12549],[-74.9888,40.12532],[-74.98871,40.12516],[-74.9887,40.1251],[-74.9885,40.1247],[-74.98848,40.12457],[-74.98836,40.12418],[-74.98821,40.12402],[-74.98806,40.12397],[-74.98784,40.12395],[-74.98771,40.12391],[-74.98754,40.1238],[-74.98739,40.12367],[-74.98732,40.12359],[-74.9872,40.12352],[-74.98705,40.12349],[-74.98685,40.12333],[-74.98655,40.12307],[-74.98649,40.12305],[-74.98643,40.12306],[-74.98625,40.12314],[-74.98604,40.12326],[-74.98568,40.12349],[-74.98553,40.12361],[-74.98513,40.12384],[-74.985,40.12391],[-74.98487,40.12394],[-74.9847,40.12394],[-74.98455,40.12391],[-74.98446,40.12385],[-74.98439,40.12377],[-74.98436,40.12367],[-74.98431,40.1236],[-74.98421,40.12357],[-74.98408,40.12357],[-74.98398,40.1236],[-74.98368,40.12362],[-74.98355,40.12364],[-74.98344,40.12363],[-74.98314,40.12346],[-74.98291,40.12334],[-74.98282,40.12328],[-74.98268,40.12316],[-74.98261,40.12303],[-74.98259,40.12292],[-74.98259,40.1228],[-74.9826,40.12275],[-74.98274,40.12255],[-74.98276,40.12246],[-74.98272,40.12236],[-74.98264,40.12222],[-74.98251,40.12196],[-74.98245,40.12191],[-74.98226,40.12191],[-74.98219,40.12185],[-74.98219,40.12178],[-74.98238,40.12153],[-74.98241,40.12131],[-74.98246,40.12124],[-74.9826,40.12119],[-74.98277,40.12116],[-74.98293,40.1211],[-74.983,40.12102],[-74.98307,40.1209],[-74.98308,40.1208],[-74.98308,40.12065],[-74.98304,40.12046],[-74.98298,40.12036],[-74.98292,40.12029],[-74.98279,40.12023],[-74.98272,40.12018],[-74.98262,40.12005],[-74.98252,40.12],[-74.98237,40.11995],[-74.98217,40.11992],[-74.98198,40.11992],[-74.98183,40.11993],[-74.9817,40.11997],[-74.98159,40.12003],[-74.98151,40.12009],[-74.98136,40.12015],[-74.98121,40.12018],[-74.98105,40.12019],[-74.98087,40.12018],[-74.98041,40.12008],[-74.98029,40.12001],[-74.97976,40.11957],[-74.97971,40.11951],[-74.9796,40.11943],[-74.97947,40.11939],[-74.97928,40.11935],[-74.97913,40.11935],[-74.97901,40.11938],[-74.97889,40.11943],[-74.9788,40.11949],[-74.97869,40.11954],[-74.9786,40.11955],[-74.97848,40.11951],[-74.97837,40.11946],[-74.97824,40.11949],[-74.97798,40.1196],[-74.97774,40.11966],[-74.97765,40.1197],[-74.97759,40.11977],[-74.97755,40.11984],[-74.97752,40.12003],[-74.97738,40.12007],[-74.97725,40.12007],[-74.97714,40.12003],[-74.97704,40.11997],[-74.97693,40.11993],[-74.9768,40.11993],[-74.97661,40.11997],[-74.97614,40.12015],[-74.97607,40.12021],[-74.97603,40.12029],[-74.97607,40.12038],[-74.97603,40.12044],[-74.97593,40.12047],[-74.97582,40.12044],[-74.97573,40.1204],[-74.97573,40.12026],[-74.97567,40.1202],[-74.97557,40.12018],[-74.97523,40.12022],[-74.9751,40.12022],[-74.97497,40.12017],[-74.97469,40.12001],[-74.97461,40.11992],[-74.97454,40.11986],[-74.97443,40.11981],[-74.97429,40.11979],[-74.97361,40.11981],[-74.97311,40.11979],[-74.97287,40.11982],[-74.97277,40.11982],[-74.97267,40.1198],[-74.97257,40.11973],[-74.97251,40.11956],[-74.97243,40.11951],[-74.97224,40.11943],[-74.97206,40.11931],[-74.97193,40.11921],[-74.97186,40.11914],[-74.97179,40.11905],[-74.97171,40.1189],[-74.9715,40.11873],[-74.9713,40.11859],[-74.97114,40.11835],[-74.97102,40.11811],[-74.97092,40.11793],[-74.97084,40.11776],[-74.97075,40.11765],[-74.97062,40.11753],[-74.97045,40.11739],[-74.97035,40.1172],[-74.97027,40.11709],[-74.97018,40.11701],[-74.97008,40.11697],[-74.96992,40.11696],[-74.96981,40.11702],[-74.96965,40.11701],[-74.96948,40.11692],[-74.96933,40.11686],[-74.9692,40.11682],[-74.96909,40.11685],[-74.96892,40.11688],[-74.96869,40.11694],[-74.96844,40.11703],[-74.96832,40.1171],[-74.96822,40.11718],[-74.96813,40.11722],[-74.96804,40.1173],[-74.96773,40.11753],[-74.96757,40.11763],[-74.96752,40.11769],[-74.96749,40.11781],[-74.96746,40.11788],[-74.96736,40.11794],[-74.96712,40.11795],[-74.96695,40.11801],[-74.96672,40.11805],[-74.96639,40.11812],[-74.96592,40.11831],[-74.96577,40.11834],[-74.96559,40.11841],[-74.96543,40.11849],[-74.96526,40.11862],[-74.96515,40.11867],[-74.96499,40.11866],[-74.96473,40.1186],[-74.96463,40.11855],[-74.96454,40.11848],[-74.96449,40.1184],[-74.96451,40.11824],[-74.96449,40.11813],[-74.96433,40.11783],[-74.96428,40.11763],[-74.96421,40.1174],[-74.96415,40.11733],[-74.96424,40.11729],[-74.96434,40.11727],[-74.96461,40.1173],[-74.96509,40.11742],[-74.96576,40.11748],[-74.966,40.11752],[-74.96608,40.11758],[-74.96631,40.11768],[-74.96658,40.11777],[-74.96663,40.11778],[-74.96679,40.11775],[-74.96689,40.11772],[-74.96716,40.11759],[-74.96751,40.11739],[-74.96765,40.11729],[-74.9679,40.11701],[-74.96819,40.1168],[-74.96877,40.11646],[-74.96914,40.11628],[-74.96942,40.11611],[-74.96949,40.11604],[-74.96958,40.11591],[-74.97007,40.1132],[-74.97024,40.1131],[-74.97896,40.10618],[-74.97953,40.10576],[-74.97987,40.10554],[-74.97981,40.10544],[-74.98063,40.10479],[-74.98171,40.1041],[-74.98266,40.10355],[-74.98302,40.10336],[-74.982,40.10246],[-74.98637,40.09951],[-74.98655,40.09938],[-74.98851,40.10103],[-74.98914,40.1016],[-74.9938,40.10554],[-74.99405,40.10585],[-74.99434,40.10616],[-74.99477,40.10618],[-74.9964,40.10753],[-74.99683,40.10791],[-75.00491,40.10233],[-75.00836,40.09997],[-75.00955,40.09914],[-75.01024,40.09864],[-75.01195,40.09751],[-75.0122,40.09731],[-75.01307,40.09666],[-75.01374,40.0961],[-75.01503,40.09482],[-75.01523,40.09464],[-75.01672,40.09307],[-75.0186,40.09112],[-75.02162,40.088],[-75.02416,40.08536],[-75.0249,40.08461],[-75.02678,40.08267],[-75.02699,40.08242],[-75.02861,40.08078],[-75.02936,40.07997],[-75.03025,40.07907],[-75.03265,40.07657],[-75.03798,40.07109],[-75.03895,40.07006],[-75.03953,40.06937],[-75.0399,40.06872],[-75.04005,40.06842],[-75.04035,40.06859],[-75.04123,40.06913],[-75.04137,40.06925],[-75.04154,40.06945],[-75.04166,40.06965],[-75.04172,40.06983],[-75.04178,40.07007],[-75.0418,40.07022],[-75.0418,40.07039],[-75.04177,40.07057],[-75.04163,40.07056],[-75.04162,40.07064],[-75.04154,40.07082],[-75.04142,40.07101],[-75.04127,40.0712],[-75.04106,40.07138],[-75.03975,40.07242],[-75.04187,40.07544],[-75.04312,40.07718],[-75.04389,40.07755],[-75.04384,40.07762],[-75.04466,40.07911],[-75.04567,40.08074],[-75.04655,40.08218],[-75.04673,40.08233],[-75.04689,40.08244],[-75.04753,40.08276],[-75.05085,40.08024],[-75.05157,40.08063],[-75.05233,40.07987],[-75.05264,40.07954],[-75.05502,40.0809],[-75.05538,40.08192],[-75.05703,40.08677],[-75.05703,40.08678],[-75.0568,40.08699],[-75.05666,40.08715],[-75.05656,40.08734],[-75.05647,40.08755],[-75.05641,40.08777],[-75.05638,40.08796],[-75.05637,40.08811],[-75.0565,40.08902],[-75.05652,40.08912],[-75.05672,40.08937],[-75.05707,40.08971],[-75.05787,40.09007],[-75.05835,40.09016],[-75.06322,40.09054],[-75.06363,40.09056],[-75.06392,40.09061],[-75.0641,40.09069],[-75.06436,40.09082],[-75.06466,40.09099],[-75.06486,40.0912],[-75.06527,40.0916],[-75.06614,40.09243],[-75.06602,40.09261],[-75.06636,40.09293],[-75.0668,40.09326],[-75.06808,40.09425],[-75.06843,40.09455],[-75.0685,40.09458],[-75.06946,40.09442],[-75.05843,40.10583],[-75.05829,40.10592],[-75.04925,40.11225],[-75.04383,40.11602],[-75.04087,40.11809],[-75.03791,40.12018],[-75.03461,40.12246],[-75.02579,40.12858],[-75.02536,40.1289],[-75.02057,40.13228],[-75.01795,40.13486],[-75.01497,40.13793],[-75.01456,40.13769],[-75.01043,40.13516],[-75.0091,40.13436],[-75.0069,40.13309],[-74.99974,40.12892],[-74.99854,40.12821]]]]}},{"type":"Feature","properties":{"name":"Upper North","abbrev":"UNO"},"geometry":{"type":"MultiPolygon","coordinates":[[[[-75.15584,40.07274],[-75.15159,40.07033],[-75.15073,40.06983],[-75.14836,40.06848],[-75.14662,40.0675],[-75.14406,40.06604],[-75.14395,40.06597],[-75.1409,40.06424],[-75.13942,40.06339],[-75.13684,40.06198],[-75.13518,40.06096],[-75.13338,40.05984],[-75.13027,40.05798],[-75.13,40.05781],[-75.12536,40.05502],[-75.12081,40.05242],[-75.11706,40.0503],[-75.11107,40.04682],[-75.11116,40.04674],[-75.11122,40.04664],[-75.11129,40.04624],[-75.11132,40.04618],[-75.11132,40.04612],[-75.11129,40.04602],[-75.11127,40.04591],[-75.11125,40.04535],[-75.11119,40.045],[-75.11112,40.0447],[-75.11112,40.04453],[-75.11114,40.04444],[-75.11119,40.04432],[-75.11157,40.04405],[-75.11174,40.04394],[-75.11185,40.04385],[-75.11199,40.04375],[-75.11211,40.04361],[-75.11219,40.04349],[-75.11229,40.04337],[-75.11247,40.0429],[-75.11257,40.0426],[-75.11264,40.04243],[-75.11271,40.04229],[-75.11275,40.04218],[-75.11284,40.04208],[-75.11306,40.04189],[-75.11332,40.04164],[-75.11349,40.04143],[-75.1136,40.04128],[-75.11365,40.04117],[-75.11373,40.04105],[-75.11378,40.04089],[-75.11392,40.04063],[-75.11401,40.04051],[-75.11412,40.04039],[-75.11422,40.04023],[-75.11438,40.04003],[-75.11446,40.03997],[-75.11453,40.03987],[-75.11455,40.03959],[-75.11453,40.03949],[-75.11446,40.03924],[-75.11435,40.03908],[-75.11428,40.039],[-75.11425,40.03885],[-75.11425,40.03876],[-75.1142,40.03866],[-75.11413,40.03855],[-75.11411,40.03848],[-75.1141,40.03838],[-75.11409,40.03813],[-75.11405,40.03802],[-75.11392,40.03753],[-75.11381,40.03727],[-75.11374,40.03715],[-75.11362,40.03697],[-75.1135,40.03682],[-75.11327,40.03658],[-75.11316,40.03651],[-75.11288,40.03631],[-75.11272,40.03615],[-75.11235,40.03574],[-75.1123,40.03559],[-75.11223,40.03546],[-75.11218,40.03529],[-75.11211,40.03511],[-75.112,40.03494],[-75.11185,40.0348],[-75.11148,40.03453],[-75.11132,40.03438],[-75.1113,40.03435],[-75.11119,40.03424],[-75.11111,40.0341],[-75.11096,40.03379],[-75.11076,40.03332],[-75.11073,40.03317],[-75.11074,40.03307],[-75.11083,40.03289],[-75.11086,40.0328],[-75.11088,40.03254],[-75.11094,40.03234],[-75.11098,40.03216],[-75.11099,40.032],[-75.11105,40.03166],[-75.11107,40.03139],[-75.11109,40.0313],[-75.11111,40.03114],[-75.11115,40.03099],[-75.11116,40.03092],[-75.11113,40.03049],[-75.11114,40.03029],[-75.11112,40.03017],[-75.11105,40.02996],[-75.11092,40.02966],[-75.11088,40.02953],[-75.1109,40.02937],[-75.11094,40.02914],[-75.11102,40.02884],[-75.11109,40.02873],[-75.1112,40.02859],[-75.1115,40.02823],[-75.11165,40.0281],[-75.11177,40.02804],[-75.11189,40.02802],[-75.11212,40.028],[-75.11229,40.02796],[-75.11276,40.02774],[-75.11283,40.0277],[-75.11289,40.02761],[-75.11289,40.02734],[-75.11456,40.02709],[-75.11446,40.02679],[-75.11546,40.02665],[-75.11658,40.02648],[-75.11718,40.0264],[-75.11865,40.02618],[-75.12148,40.02578],[-75.12447,40.02533],[-75.12547,40.02519],[-75.12549,40.02504],[-75.12667,40.02488],[-75.12782,40.02469],[-75.12882,40.0245],[-75.13037,40.02416],[-75.13445,40.0233],[-75.13515,40.02313],[-75.13569,40.02296],[-75.13578,40.02293],[-75.13596,40.02068],[-75.13656,40.02074],[-75.13663,40.02048],[-75.13674,40.01997],[-75.13847,40.02018],[-75.1391,40.02027],[-75.14095,40.02051],[-75.14189,40.02063],[-75.14203,40.02064],[-75.14323,40.02081],[-75.14402,40.0209],[-75.1448,40.02101],[-75.14638,40.02121],[-75.14711,40.02129],[-75.14857,40.02149],[-75.15259,40.022],[-75.15385,40.02217],[-75.15391,40.02217],[-75.15439,40.02224],[-75.15549,40.02237],[-75.15571,40.02241],[-75.15731,40.02262],[-75.15737,40.02262],[-75.15811,40.02271],[-75.15904,40.02281],[-75.15955,40.02393],[-75.15948,40.02405],[-75.15941,40.02475],[-75.15938,40.02551],[-75.15922,40.02767],[-75.15904,40.03033],[-75.15813,40.03083],[-75.15782,40.03113],[-75.15776,40.0312],[-75.15768,40.03133],[-75.15764,40.03142],[-75.15762,40.03152],[-75.15763,40.03179],[-75.15764,40.03322],[-75.15766,40.03326],[-75.15765,40.03388],[-75.15969,40.03506],[-75.159,40.03573],[-75.15837,40.03636],[-75.15842,40.03751],[-75.15845,40.03855],[-75.15841,40.04075],[-75.15836,40.0415],[-75.15832,40.04242],[-75.15829,40.04335],[-75.15826,40.04379],[-75.15822,40.04509],[-75.15817,40.04592],[-75.15813,40.04643],[-75.1581,40.04712],[-75.15802,40.04814],[-75.15799,40.04867],[-75.15787,40.05041],[-75.15778,40.05196],[-75.15762,40.05427],[-75.15759,40.05462],[-75.15755,40.05472],[-75.15754,40.05489],[-75.15756,40.05504],[-75.15758,40.05506],[-75.15775,40.05516],[-75.15787,40.05521],[-75.15831,40.05545],[-75.15889,40.05578],[-75.16064,40.05679],[-75.16069,40.05684],[-75.18875,40.07303],[-75.18848,40.07288],[-75.18263,40.07861],[-75.18208,40.07914],[-75.18151,40.07972],[-75.18082,40.08039],[-75.17935,40.08185],[-75.17715,40.08405],[-75.17651,40.0847],[-75.17617,40.08451],[-75.17535,40.08402],[-75.17513,40.0839],[-75.17479,40.08369],[-75.17451,40.08353],[-75.17331,40.08281],[-75.17294,40.0826],[-75.16827,40.07983],[-75.16766,40.07948],[-75.16409,40.07736],[-75.15912,40.07461],[-75.15839,40.07419],[-75.15584,40.07274]]]]}},{"type":"Feature","properties":{"name":"Upper Northwest","abbrev":"UNW"},"geometry":{"type":"MultiPolygon","coordinates":[[[[-75.20629,40.08296],[-75.19757,40.07797],[-75.19644,40.07731],[-75.19083,40.07412],[-75.18968,40.07347],[-75.18962,40.07352],[-75.18913,40.07325],[-75.16069,40.05684],[-75.16064,40.05679],[-75.15889,40.05578],[-75.15831,40.05545],[-75.15787,40.05521],[-75.15775,40.05516],[-75.15758,40.05506],[-75.15756,40.05504],[-75.15754,40.05489],[-75.15755,40.05472],[-75.15759,40.05462],[-75.15762,40.05427],[-75.15778,40.05196],[-75.15787,40.05041],[-75.15799,40.04867],[-75.15802,40.04814],[-75.1581,40.04712],[-75.15813,40.04643],[-75.15817,40.04592],[-75.15822,40.04509],[-75.15826,40.04379],[-75.15829,40.04335],[-75.15832,40.04242],[-75.15836,40.0415],[-75.15841,40.04075],[-75.15845,40.03855],[-75.15842,40.03751],[-75.15837,40.03636],[-75.159,40.03573],[-75.15969,40.03506],[-75.15765,40.03388],[-75.15766,40.03326],[-75.15764,40.03322],[-75.15763,40.03179],[-75.15762,40.03152],[-75.15764,40.03142],[-75.15768,40.03133],[-75.15776,40.0312],[-75.15782,40.03113],[-75.15813,40.03083],[-75.15904,40.03033],[-75.15922,40.02767],[-75.15938,40.02551],[-75.15941,40.02475],[-75.15948,40.02405],[-75.15955,40.02393],[-75.15971,40.02389],[-75.15988,40.0238],[-75.16203,40.0223],[-75.16247,40.02196],[-75.1626,40.02161],[-75.16267,40.02134],[-75.16269,40.02083],[-75.16278,40.02038],[-75.1629,40.02012],[-75.16304,40.01988],[-75.16316,40.01972],[-75.16356,40.0194],[-75.16382,40.01933],[-75.1653,40.01888],[-75.16613,40.01869],[-75.16792,40.01846],[-75.16818,40.01842],[-75.16895,40.01834],[-75.17032,40.01818],[-75.17205,40.01786],[-75.17244,40.01772],[-75.17296,40.01813],[-75.18547,40.02888],[-75.1862,40.02948],[-75.18738,40.03043],[-75.18778,40.03078],[-75.18853,40.03147],[-75.18867,40.03158],[-75.18873,40.03137],[-75.1888,40.03106],[-75.18891,40.03038],[-75.18895,40.03021],[-75.189,40.03014],[-75.18917,40.02999],[-75.18945,40.02984],[-75.18985,40.02977],[-75.19013,40.02966],[-75.19042,40.0296],[-75.19064,40.02953],[-75.19073,40.02947],[-75.1908,40.02941],[-75.19101,40.0292],[-75.19128,40.02895],[-75.19132,40.02889],[-75.19132,40.02877],[-75.19127,40.02869],[-75.19106,40.02858],[-75.19084,40.02841],[-75.19082,40.02835],[-75.19081,40.02821],[-75.19082,40.02814],[-75.19086,40.02808],[-75.1909,40.02804],[-75.191,40.02799],[-75.19126,40.02795],[-75.19149,40.028],[-75.19163,40.028],[-75.19179,40.02796],[-75.19209,40.02783],[-75.19225,40.02779],[-75.19237,40.02775],[-75.19255,40.02773],[-75.19266,40.0277],[-75.19273,40.02767],[-75.19276,40.02762],[-75.19276,40.02752],[-75.19303,40.02786],[-75.19322,40.02799],[-75.19339,40.02807],[-75.19357,40.0281],[-75.19376,40.02808],[-75.19391,40.02805],[-75.19406,40.028],[-75.19479,40.02779],[-75.19499,40.02777],[-75.19569,40.02778],[-75.19595,40.02776],[-75.19625,40.02769],[-75.19647,40.02766],[-75.1967,40.02768],[-75.19688,40.02772],[-75.19721,40.02792],[-75.19749,40.02806],[-75.19777,40.0281],[-75.19803,40.02855],[-75.19819,40.02893],[-75.19829,40.02926],[-75.1983,40.02959],[-75.19824,40.0298],[-75.1982,40.03003],[-75.19817,40.03029],[-75.1981,40.03055],[-75.19809,40.03076],[-75.1981,40.03098],[-75.19823,40.03122],[-75.19834,40.03137],[-75.19865,40.03169],[-75.1989,40.03184],[-75.19921,40.03201],[-75.19945,40.0322],[-75.19998,40.03252],[-75.20017,40.03266],[-75.20023,40.03276],[-75.20024,40.03286],[-75.20021,40.03303],[-75.20015,40.03325],[-75.20003,40.03362],[-75.19999,40.03378],[-75.2001,40.03415],[-75.2002,40.03442],[-75.20029,40.03474],[-75.20045,40.03501],[-75.20066,40.03527],[-75.20078,40.03547],[-75.20087,40.0356],[-75.2009,40.03571],[-75.20085,40.03584],[-75.20086,40.03594],[-75.20089,40.03601],[-75.20096,40.03611],[-75.2011,40.03627],[-75.2012,40.03637],[-75.20135,40.03644],[-75.20156,40.03646],[-75.20179,40.0364],[-75.20203,40.03623],[-75.20215,40.03606],[-75.20226,40.03586],[-75.20239,40.03569],[-75.20257,40.03551],[-75.20292,40.03506],[-75.20309,40.03489],[-75.20322,40.03479],[-75.20351,40.03469],[-75.20375,40.03465],[-75.20403,40.03465],[-75.2043,40.03467],[-75.20486,40.0348],[-75.2052,40.03485],[-75.20547,40.03491],[-75.2057,40.03503],[-75.20587,40.03516],[-75.20602,40.03531],[-75.20607,40.03546],[-75.20609,40.03568],[-75.20614,40.03582],[-75.20638,40.03611],[-75.20648,40.03632],[-75.20654,40.03654],[-75.20677,40.03691],[-75.20698,40.03712],[-75.20722,40.03742],[-75.20773,40.03778],[-75.20838,40.03815],[-75.20865,40.03832],[-75.20887,40.03848],[-75.20913,40.0388],[-75.20932,40.039],[-75.20956,40.03932],[-75.20981,40.03968],[-75.21002,40.03995],[-75.21016,40.04027],[-75.21048,40.04066],[-75.21084,40.04163],[-75.21086,40.04185],[-75.21091,40.04203],[-75.21106,40.04231],[-75.21135,40.04275],[-75.21156,40.04301],[-75.21179,40.04319],[-75.21193,40.04344],[-75.21205,40.04378],[-75.21215,40.04403],[-75.21219,40.04458],[-75.21218,40.04487],[-75.21211,40.04576],[-75.21195,40.04622],[-75.21185,40.04647],[-75.21166,40.04684],[-75.21158,40.04695],[-75.21159,40.04711],[-75.21165,40.04721],[-75.21177,40.04733],[-75.21195,40.04747],[-75.21215,40.04764],[-75.21238,40.04779],[-75.21261,40.0479],[-75.21298,40.04819],[-75.21313,40.04832],[-75.21333,40.04844],[-75.21351,40.04861],[-75.21367,40.04882],[-75.21379,40.04911],[-75.21392,40.04953],[-75.21405,40.04985],[-75.2145,40.05068],[-75.21452,40.05069],[-75.21478,40.05102],[-75.21502,40.05123],[-75.21542,40.05162],[-75.21578,40.05188],[-75.21633,40.05221],[-75.21679,40.05251],[-75.21701,40.05271],[-75.21722,40.05304],[-75.21741,40.0534],[-75.21755,40.05388],[-75.21767,40.05442],[-75.21777,40.05479],[-75.21783,40.0554],[-75.21785,40.0555],[-75.21787,40.05582],[-75.21796,40.05611],[-75.21816,40.0564],[-75.2183,40.05666],[-75.21841,40.05677],[-75.21854,40.05695],[-75.2187,40.05714],[-75.21894,40.05736],[-75.21921,40.05771],[-75.21939,40.05782],[-75.21965,40.05802],[-75.21983,40.0583],[-75.22001,40.05867],[-75.22027,40.05912],[-75.22036,40.05939],[-75.22048,40.05963],[-75.22064,40.05984],[-75.2208,40.05999],[-75.22101,40.06009],[-75.22118,40.06021],[-75.22135,40.0604],[-75.22151,40.06062],[-75.22187,40.06129],[-75.22209,40.06192],[-75.22223,40.06237],[-75.2224,40.06262],[-75.22263,40.06292],[-75.22289,40.06321],[-75.2234,40.06373],[-75.22353,40.06388],[-75.22357,40.06407],[-75.22352,40.06431],[-75.22345,40.06447],[-75.22328,40.0646],[-75.22301,40.06471],[-75.22252,40.06484],[-75.22192,40.06505],[-75.22151,40.06529],[-75.22104,40.06562],[-75.22076,40.06583],[-75.22047,40.06611],[-75.2204,40.06627],[-75.22035,40.06649],[-75.22041,40.06676],[-75.22048,40.06701],[-75.22051,40.06716],[-75.22058,40.0673],[-75.22073,40.06749],[-75.22092,40.06778],[-75.2213,40.06817],[-75.22207,40.06881],[-75.22228,40.069],[-75.22245,40.06914],[-75.22253,40.06929],[-75.22265,40.06942],[-75.22284,40.06959],[-75.22304,40.06972],[-75.22324,40.06992],[-75.22354,40.07013],[-75.22392,40.07041],[-75.22467,40.07089],[-75.22494,40.07108],[-75.22534,40.07139],[-75.22548,40.07148],[-75.2256,40.07163],[-75.22563,40.07181],[-75.22556,40.07205],[-75.22542,40.07219],[-75.22536,40.07236],[-75.22509,40.07253],[-75.22475,40.07273],[-75.22444,40.0729],[-75.22394,40.07315],[-75.22341,40.07349],[-75.22322,40.07366],[-75.22307,40.07392],[-75.22301,40.07416],[-75.22302,40.07441],[-75.22312,40.0747],[-75.22337,40.07516],[-75.22348,40.07546],[-75.22361,40.07575],[-75.2238,40.07614],[-75.22407,40.07657],[-75.22431,40.0769],[-75.22468,40.0777],[-75.22479,40.07806],[-75.22519,40.07877],[-75.22534,40.079],[-75.22552,40.07932],[-75.22574,40.07959],[-75.2259,40.07985],[-75.22595,40.08004],[-75.22605,40.0802],[-75.22625,40.08047],[-75.22649,40.08076],[-75.22681,40.08105],[-75.22704,40.08128],[-75.22735,40.08148],[-75.22766,40.08172],[-75.22859,40.08214],[-75.22927,40.08239],[-75.22953,40.08256],[-75.22977,40.08263],[-75.22994,40.08269],[-75.23018,40.0827],[-75.23035,40.08268],[-75.23056,40.08272],[-75.23078,40.08274],[-75.23098,40.0828],[-75.23116,40.08288],[-75.23121,40.08299],[-75.2312,40.08314],[-75.23114,40.08327],[-75.23102,40.08341],[-75.23083,40.08349],[-75.23059,40.08362],[-75.22985,40.08384],[-75.22941,40.08394],[-75.22899,40.08401],[-75.22865,40.08405],[-75.22843,40.08411],[-75.22802,40.08435],[-75.22797,40.08435],[-75.2286,40.08488],[-75.23056,40.08607],[-75.22359,40.09295],[-75.21963,40.09068],[-75.21413,40.08751],[-75.21375,40.0873],[-75.21035,40.08532],[-75.20938,40.08489],[-75.20908,40.0847],[-75.20844,40.08421],[-75.20633,40.08298],[-75.20629,40.08296]]]]}},{"type":"Feature","properties":{"name":"West","abbrev":"WST"},"geometry":{"type":"MultiPolygon","coordinates":[[[[-75.23017,39.9788],[-75.22986,39.97708],[-75.22943,39.97484],[-75.22927,39.97394],[-75.22903,39.97265],[-75.22888,39.97191],[-75.22874,39.97112],[-75.22657,39.97135],[-75.22584,39.97144],[-75.22584,39.97137],[-75.22538,39.96953],[-75.2249,39.96958],[-75.22463,39.9696],[-75.22019,39.97006],[-75.21717,39.97036],[-75.21744,39.97244],[-75.21777,39.97264],[-75.21389,39.97306],[-75.21221,39.97325],[-75.21217,39.97315],[-75.21215,39.97302],[-75.21002,39.97251],[-75.20865,39.97217],[-75.2084,39.9721],[-75.20807,39.97202],[-75.20598,39.97144],[-75.20595,39.97127],[-75.20499,39.971],[-75.20365,39.97054],[-75.20372,39.97094],[-75.19853,39.96945],[-75.19577,39.96867],[-75.19548,39.96856],[-75.1942,39.9682],[-75.19257,39.9678],[-75.19231,39.96773],[-75.19214,39.9669],[-75.19104,39.9666],[-75.1906,39.96651],[-75.18979,39.96625],[-75.18943,39.96611],[-75.18899,39.96592],[-75.18876,39.96579],[-75.18852,39.9656],[-75.18793,39.96508],[-75.18774,39.96483],[-75.18766,39.9645],[-75.18755,39.96394],[-75.18742,39.96338],[-75.18803,39.9633],[-75.18849,39.96326],[-75.19139,39.96293],[-75.19148,39.96293],[-75.19252,39.96282],[-75.20014,39.96197],[-75.20224,39.96165],[-75.20236,39.96287],[-75.20898,39.96232],[-75.20906,39.96234],[-75.20982,39.96246],[-75.21049,39.96258],[-75.21193,39.96267],[-75.21306,39.96259],[-75.2134,39.96116],[-75.21355,39.9606],[-75.21402,39.95865],[-75.217,39.95902],[-75.21918,39.9593],[-75.22092,39.95951],[-75.22125,39.95799],[-75.2214,39.95724],[-75.2215,39.95684],[-75.22156,39.95647],[-75.22193,39.95473],[-75.22204,39.95418],[-75.22206,39.95411],[-75.22219,39.95342],[-75.22228,39.95305],[-75.22275,39.95076],[-75.22333,39.94802],[-75.22332,39.94793],[-75.22495,39.94775],[-75.22524,39.94775],[-75.2254,39.94777],[-75.22945,39.94779],[-75.2303,39.94781],[-75.23127,39.94792],[-75.23436,39.94718],[-75.23505,39.947],[-75.23581,39.94685],[-75.23587,39.94682],[-75.23614,39.94674],[-75.23727,39.94647],[-75.23873,39.9462],[-75.23934,39.94608],[-75.24027,39.94588],[-75.24177,39.94531],[-75.24342,39.9447],[-75.24522,39.94407],[-75.24586,39.94382],[-75.24703,39.94342],[-75.24705,39.94357],[-75.24738,39.94415],[-75.24742,39.9443],[-75.24751,39.94442],[-75.24764,39.94453],[-75.2479,39.9448],[-75.24809,39.94495],[-75.24817,39.94503],[-75.24822,39.94512],[-75.24824,39.94525],[-75.24832,39.94536],[-75.24842,39.94547],[-75.24857,39.94557],[-75.2489,39.94585],[-75.24943,39.94633],[-75.24956,39.94641],[-75.24971,39.94647],[-75.24992,39.94664],[-75.25004,39.94683],[-75.25012,39.94698],[-75.25015,39.94713],[-75.25021,39.94726],[-75.25023,39.9474],[-75.25027,39.94759],[-75.25037,39.94799],[-75.25042,39.9481],[-75.25048,39.94819],[-75.25073,39.94839],[-75.25107,39.9487],[-75.25119,39.94884],[-75.25144,39.94904],[-75.25151,39.94912],[-75.25156,39.94923],[-75.25157,39.94944],[-75.25152,39.94964],[-75.25141,39.94984],[-75.25131,39.94998],[-75.25124,39.95013],[-75.2512,39.95028],[-75.25115,39.95042],[-75.25115,39.95058],[-75.25114,39.95069],[-75.25127,39.95096],[-75.25143,39.95115],[-75.25154,39.95122],[-75.25159,39.95129],[-75.25161,39.95139],[-75.25161,39.95151],[-75.25165,39.95176],[-75.25165,39.95196],[-75.25158,39.95214],[-75.25141,39.95239],[-75.25119,39.95267],[-75.25115,39.95276],[-75.25115,39.95286],[-75.25121,39.95304],[-75.25115,39.95317],[-75.25105,39.95331],[-75.25092,39.9534],[-75.25049,39.95375],[-75.25035,39.95387],[-75.25014,39.95408],[-75.25005,39.95416],[-75.24996,39.95434],[-75.24989,39.95439],[-75.24984,39.95444],[-75.24977,39.95458],[-75.24975,39.95465],[-75.24977,39.95477],[-75.2496,39.95525],[-75.2495,39.95536],[-75.24936,39.95541],[-75.24928,39.95542],[-75.2492,39.95547],[-75.24917,39.95552],[-75.24912,39.95567],[-75.24914,39.95577],[-75.24922,39.95594],[-75.24926,39.95605],[-75.24928,39.95613],[-75.24924,39.95623],[-75.24912,39.95634],[-75.24905,39.95638],[-75.24899,39.95644],[-75.24893,39.95664],[-75.24895,39.95676],[-75.24901,39.95692],[-75.24907,39.95697],[-75.2492,39.95702],[-75.24932,39.95708],[-75.2494,39.95713],[-75.24953,39.95722],[-75.24964,39.95733],[-75.24978,39.95743],[-75.25004,39.95766],[-75.25018,39.9578],[-75.25036,39.95802],[-75.25047,39.95813],[-75.25056,39.95824],[-75.25067,39.95834],[-75.2508,39.95854],[-75.25088,39.95874],[-75.25089,39.95903],[-75.25085,39.95911],[-75.25076,39.95917],[-75.25046,39.95933],[-75.25029,39.95941],[-75.24983,39.95958],[-75.24956,39.95969],[-75.24932,39.95985],[-75.24913,39.96],[-75.24898,39.96008],[-75.24855,39.96028],[-75.24846,39.96034],[-75.24839,39.96043],[-75.24828,39.96063],[-75.24806,39.9609],[-75.24798,39.96101],[-75.24793,39.96109],[-75.24789,39.96119],[-75.24787,39.96135],[-75.24787,39.9615],[-75.24784,39.96162],[-75.24783,39.9617],[-75.24778,39.96185],[-75.24774,39.96191],[-75.24771,39.96199],[-75.2477,39.96207],[-75.24773,39.96218],[-75.24776,39.96223],[-75.24778,39.96231],[-75.24776,39.96246],[-75.24769,39.96283],[-75.24722,39.96277],[-75.2472,39.96276],[-75.24676,39.96271],[-75.24643,39.96429],[-75.24687,39.96434],[-75.24711,39.9643],[-75.24731,39.96431],[-75.2474,39.96435],[-75.24745,39.9644],[-75.24747,39.96446],[-75.24747,39.96452],[-75.24717,39.96594],[-75.25014,39.96631],[-75.25022,39.9663],[-75.25094,39.96638],[-75.25112,39.96641],[-75.25099,39.96712],[-75.2508,39.96795],[-75.25201,39.96808],[-75.25375,39.96828],[-75.25344,39.96983],[-75.25511,39.97004],[-75.25477,39.97195],[-75.2549,39.9727],[-75.25533,39.97496],[-75.25549,39.97586],[-75.25593,39.97813],[-75.25482,39.97856],[-75.25447,39.97871],[-75.25426,39.97884],[-75.25393,39.97908],[-75.25372,39.97929],[-75.2535,39.97954],[-75.25311,39.98019],[-75.25286,39.9805],[-75.25255,39.98078],[-75.25221,39.98102],[-75.25178,39.98125],[-75.24835,39.98298],[-75.24867,39.98469],[-75.24899,39.98512],[-75.24819,39.98548],[-75.24783,39.98553],[-75.24548,39.98663],[-75.24518,39.9861],[-75.24511,39.986],[-75.24499,39.9859],[-75.24482,39.9858],[-75.24467,39.98573],[-75.24449,39.98568],[-75.24389,39.98559],[-75.24288,39.9855],[-75.24126,39.98532],[-75.23823,39.98504],[-75.23778,39.98499],[-75.23739,39.98486],[-75.23724,39.98485],[-75.23805,39.98355],[-75.23875,39.98239],[-75.23905,39.98196],[-75.23617,39.98098],[-75.23569,39.98081],[-75.23407,39.98034],[-75.23396,39.98038],[-75.23242,39.97981],[-75.2321,39.9797],[-75.2308,39.9791],[-75.23017,39.9788]]]]}},{"type":"Feature","properties":{"name":"West Park","abbrev":"WP"},"geometry":{"type":"MultiPolygon","coordinates":[[[[-75.20387,39.98574],[-75.20396,39.98566],[-75.20404,39.98557],[-75.2041,39.98552],[-75.20414,39.98546],[-75.20417,39.98543],[-75.20423,39.98534],[-75.20429,39.98522],[-75.20431,39.98516],[-75.20431,39.98513],[-75.20433,39.98506],[-75.20434,39.98496],[-75.20435,39.98493],[-75.20435,39.98479],[-75.20436,39.98476],[-75.20435,39.98472],[-75.20435,39.98459],[-75.20434,39.98455],[-75.20434,39.98448],[-75.20433,39.98445],[-75.20432,39.98434],[-75.20428,39.98417],[-75.20428,39.98413],[-75.20424,39.98399],[-75.20424,39.98396],[-75.20412,39.98356],[-75.20412,39.98353],[-75.20409,39.98342],[-75.20407,39.98339],[-75.20399,39.98312],[-75.20397,39.98309],[-75.20394,39.98299],[-75.2039,39.98289],[-75.20388,39.98286],[-75.20383,39.98272],[-75.20376,39.9826],[-75.20375,39.98256],[-75.20371,39.9825],[-75.2037,39.98247],[-75.20348,39.98214],[-75.20345,39.98211],[-75.20341,39.98205],[-75.20338,39.98203],[-75.20334,39.98197],[-75.20329,39.98191],[-75.20326,39.98189],[-75.20319,39.9818],[-75.203,39.98161],[-75.20298,39.98158],[-75.20295,39.98156],[-75.20281,39.98142],[-75.20269,39.98132],[-75.20267,39.98129],[-75.20258,39.98121],[-75.20243,39.98109],[-75.20237,39.98103],[-75.20233,39.98101],[-75.20218,39.98088],[-75.20205,39.98079],[-75.20196,39.98071],[-75.20179,39.9806],[-75.2017,39.98052],[-75.2016,39.98046],[-75.20157,39.98043],[-75.20153,39.98041],[-75.20147,39.98036],[-75.20137,39.9803],[-75.20134,39.98027],[-75.20123,39.98021],[-75.2011,39.98012],[-75.20024,39.97964],[-75.20016,39.97961],[-75.19994,39.97949],[-75.1999,39.97948],[-75.19952,39.97929],[-75.19948,39.97928],[-75.19933,39.9792],[-75.19929,39.97919],[-75.19918,39.97913],[-75.19914,39.97912],[-75.1988,39.97895],[-75.19876,39.97894],[-75.19865,39.97888],[-75.19861,39.97887],[-75.1985,39.97881],[-75.19846,39.9788],[-75.19834,39.97874],[-75.1983,39.97873],[-75.19823,39.97869],[-75.19807,39.97863],[-75.19768,39.97846],[-75.19756,39.97842],[-75.19717,39.97825],[-75.19705,39.97821],[-75.1969,39.97814],[-75.19686,39.97813],[-75.19678,39.97809],[-75.19662,39.97803],[-75.19655,39.97799],[-75.19639,39.97793],[-75.19616,39.97782],[-75.19612,39.97781],[-75.19601,39.97775],[-75.19597,39.97774],[-75.19582,39.97766],[-75.19578,39.97765],[-75.19564,39.97757],[-75.19545,39.97748],[-75.19507,39.97725],[-75.19504,39.97722],[-75.19494,39.97716],[-75.19491,39.97713],[-75.19484,39.97709],[-75.19481,39.97706],[-75.19474,39.97702],[-75.19462,39.97692],[-75.19458,39.9769],[-75.19449,39.97682],[-75.19436,39.97673],[-75.19427,39.97665],[-75.19414,39.97656],[-75.19396,39.97641],[-75.19392,39.97639],[-75.19387,39.97634],[-75.19386,39.97634],[-75.19368,39.97619],[-75.19354,39.97605],[-75.19352,39.97602],[-75.19349,39.976],[-75.19344,39.97594],[-75.19319,39.97558],[-75.19318,39.97555],[-75.19305,39.97533],[-75.19297,39.97517],[-75.19286,39.97491],[-75.19278,39.97475],[-75.19276,39.97468],[-75.19271,39.97459],[-75.19265,39.97442],[-75.1926,39.97433],[-75.19258,39.97426],[-75.19256,39.97423],[-75.1925,39.97407],[-75.19248,39.97404],[-75.19246,39.97397],[-75.19244,39.97394],[-75.19242,39.97387],[-75.1924,39.97384],[-75.19238,39.97377],[-75.19236,39.97374],[-75.1923,39.97358],[-75.19228,39.97355],[-75.19222,39.97338],[-75.1922,39.97335],[-75.19214,39.97319],[-75.19212,39.97316],[-75.1921,39.97309],[-75.19208,39.97306],[-75.19205,39.97296],[-75.19203,39.97293],[-75.19201,39.97286],[-75.19199,39.97283],[-75.19197,39.97276],[-75.19195,39.97273],[-75.19189,39.97257],[-75.19187,39.97254],[-75.19185,39.97247],[-75.19183,39.97244],[-75.19181,39.97237],[-75.19179,39.97234],[-75.19175,39.97224],[-75.19156,39.97162],[-75.19153,39.97151],[-75.19153,39.97148],[-75.19132,39.97077],[-75.19125,39.97058],[-75.19121,39.97048],[-75.19116,39.97039],[-75.19115,39.97035],[-75.19108,39.97023],[-75.19107,39.9702],[-75.19101,39.97011],[-75.191,39.97008],[-75.19087,39.9699],[-75.19063,39.96965],[-75.19054,39.96958],[-75.19042,39.96947],[-75.19032,39.9694],[-75.19029,39.96937],[-75.19022,39.96933],[-75.19019,39.9693],[-75.19012,39.96926],[-75.19009,39.96923],[-75.18998,39.96917],[-75.18995,39.96914],[-75.18964,39.96896],[-75.18956,39.96892],[-75.18952,39.96891],[-75.18941,39.96885],[-75.18929,39.96881],[-75.18914,39.96874],[-75.18909,39.96873],[-75.18889,39.96865],[-75.18881,39.96863],[-75.18841,39.96848],[-75.18833,39.96844],[-75.18821,39.9684],[-75.18802,39.96831],[-75.18798,39.9683],[-75.18778,39.96821],[-75.18766,39.96817],[-75.18759,39.96813],[-75.18743,39.96807],[-75.18731,39.96801],[-75.18727,39.968],[-75.18716,39.96794],[-75.18712,39.96793],[-75.18676,39.96773],[-75.18653,39.96758],[-75.1865,39.96755],[-75.18643,39.96751],[-75.1864,39.96748],[-75.18633,39.96744],[-75.1863,39.96741],[-75.18614,39.9673],[-75.18605,39.96722],[-75.18598,39.96718],[-75.18577,39.967],[-75.18573,39.96698],[-75.18543,39.96673],[-75.18538,39.96667],[-75.18514,39.96647],[-75.18509,39.96641],[-75.18497,39.96631],[-75.18495,39.96628],[-75.18492,39.96626],[-75.1847,39.96604],[-75.18466,39.96598],[-75.18456,39.96587],[-75.18446,39.96572],[-75.18443,39.96569],[-75.18411,39.9652],[-75.18408,39.96517],[-75.18389,39.9649],[-75.18375,39.96473],[-75.18367,39.96461],[-75.18364,39.96458],[-75.18358,39.96449],[-75.18355,39.96446],[-75.18347,39.96435],[-75.18375,39.96429],[-75.18431,39.96411],[-75.18521,39.96377],[-75.18565,39.96364],[-75.18644,39.96349],[-75.18742,39.96338],[-75.18755,39.96394],[-75.18766,39.9645],[-75.18774,39.96483],[-75.18793,39.96508],[-75.18852,39.9656],[-75.18876,39.96579],[-75.18899,39.96592],[-75.18943,39.96611],[-75.18979,39.96625],[-75.1906,39.96651],[-75.19104,39.9666],[-75.19214,39.9669],[-75.19231,39.96773],[-75.19257,39.9678],[-75.1942,39.9682],[-75.19548,39.96856],[-75.19577,39.96867],[-75.19853,39.96945],[-75.20372,39.97094],[-75.20365,39.97054],[-75.20499,39.971],[-75.20595,39.97127],[-75.20598,39.97144],[-75.20807,39.97202],[-75.2084,39.9721],[-75.20865,39.97217],[-75.21002,39.97251],[-75.21215,39.97302],[-75.21217,39.97315],[-75.21221,39.97325],[-75.21389,39.97306],[-75.21777,39.97264],[-75.21744,39.97244],[-75.21717,39.97036],[-75.22019,39.97006],[-75.22463,39.9696],[-75.2249,39.96958],[-75.22538,39.96953],[-75.22584,39.97137],[-75.22584,39.97144],[-75.22657,39.97135],[-75.22874,39.97112],[-75.22888,39.97191],[-75.22903,39.97265],[-75.22927,39.97394],[-75.22943,39.97484],[-75.22986,39.97708],[-75.23017,39.9788],[-75.2308,39.9791],[-75.2321,39.9797],[-75.23242,39.97981],[-75.23396,39.98038],[-75.23407,39.98034],[-75.23569,39.98081],[-75.23617,39.98098],[-75.23905,39.98196],[-75.23875,39.98239],[-75.23805,39.98355],[-75.23724,39.98485],[-75.23739,39.98486],[-75.23778,39.98499],[-75.23823,39.98504],[-75.24126,39.98532],[-75.24288,39.9855],[-75.24389,39.98559],[-75.24449,39.98568],[-75.24467,39.98573],[-75.24482,39.9858],[-75.24499,39.9859],[-75.24511,39.986],[-75.24518,39.9861],[-75.24548,39.98663],[-75.24783,39.98553],[-75.24819,39.98548],[-75.24899,39.98512],[-75.24867,39.98469],[-75.24835,39.98298],[-75.25178,39.98125],[-75.25221,39.98102],[-75.25255,39.98078],[-75.25286,39.9805],[-75.25311,39.98019],[-75.2535,39.97954],[-75.25372,39.97929],[-75.25393,39.97908],[-75.25426,39.97884],[-75.25447,39.97871],[-75.25482,39.97856],[-75.25593,39.97813],[-75.25549,39.97586],[-75.25533,39.97496],[-75.2549,39.9727],[-75.25477,39.97195],[-75.25511,39.97004],[-75.25344,39.96983],[-75.25375,39.96828],[-75.25201,39.96808],[-75.2508,39.96795],[-75.25099,39.96712],[-75.25112,39.96641],[-75.25094,39.96638],[-75.25022,39.9663],[-75.25014,39.96631],[-75.24717,39.96594],[-75.24747,39.96452],[-75.24747,39.96446],[-75.24745,39.9644],[-75.2474,39.96435],[-75.24731,39.96431],[-75.24711,39.9643],[-75.24687,39.96434],[-75.24643,39.96429],[-75.24676,39.96271],[-75.2472,39.96276],[-75.24722,39.96277],[-75.24769,39.96283],[-75.24766,39.96294],[-75.24742,39.9632],[-75.2474,39.96326],[-75.24741,39.96334],[-75.24748,39.96354],[-75.24769,39.96379],[-75.24778,39.96389],[-75.24791,39.96399],[-75.24806,39.96408],[-75.24862,39.96436],[-75.24897,39.9645],[-75.24947,39.96473],[-75.24985,39.96492],[-75.25006,39.96505],[-75.25014,39.96508],[-75.25022,39.96509],[-75.25032,39.96508],[-75.25045,39.96503],[-75.25076,39.96489],[-75.25092,39.96485],[-75.25105,39.96484],[-75.2512,39.96492],[-75.25129,39.96501],[-75.25134,39.96508],[-75.25134,39.9652],[-75.25137,39.96526],[-75.25143,39.96531],[-75.2515,39.96535],[-75.25161,39.96537],[-75.25181,39.96534],[-75.2521,39.96531],[-75.25264,39.96526],[-75.25297,39.96524],[-75.25322,39.96519],[-75.25332,39.96524],[-75.25341,39.96527],[-75.25372,39.96534],[-75.25394,39.9654],[-75.25414,39.96541],[-75.25423,39.96535],[-75.2543,39.96528],[-75.25438,39.96514],[-75.25446,39.96506],[-75.25455,39.965],[-75.25463,39.96493],[-75.25474,39.96486],[-75.25494,39.96477],[-75.25512,39.9647],[-75.25527,39.96466],[-75.25541,39.96464],[-75.25569,39.96456],[-75.25586,39.96445],[-75.25589,39.96438],[-75.25597,39.96432],[-75.25609,39.96425],[-75.25628,39.96409],[-75.25639,39.96398],[-75.25659,39.96381],[-75.25669,39.96373],[-75.25675,39.9637],[-75.2569,39.96368],[-75.25713,39.96374],[-75.25734,39.96378],[-75.25742,39.96378],[-75.25749,39.96375],[-75.25763,39.96367],[-75.25779,39.96361],[-75.25786,39.9636],[-75.25794,39.96363],[-75.258,39.96369],[-75.25802,39.96375],[-75.25802,39.964],[-75.25799,39.96411],[-75.25796,39.96417],[-75.25795,39.96425],[-75.25795,39.96431],[-75.25798,39.96439],[-75.25806,39.96444],[-75.25812,39.96446],[-75.25841,39.96446],[-75.25847,39.96449],[-75.25851,39.96454],[-75.25859,39.96472],[-75.25864,39.96478],[-75.25869,39.96486],[-75.25871,39.96491],[-75.25872,39.96497],[-75.25872,39.96507],[-75.2587,39.96533],[-75.25871,39.96539],[-75.25877,39.96553],[-75.2588,39.96558],[-75.25889,39.96566],[-75.25898,39.96569],[-75.25922,39.96571],[-75.25934,39.96571],[-75.2594,39.96573],[-75.25943,39.96577],[-75.25943,39.9659],[-75.25945,39.96596],[-75.25955,39.96602],[-75.25978,39.96609],[-75.25991,39.96612],[-75.26007,39.96621],[-75.26049,39.96632],[-75.26059,39.96628],[-75.26075,39.96629],[-75.26083,39.96628],[-75.26094,39.96625],[-75.26103,39.96621],[-75.26112,39.96615],[-75.26116,39.96609],[-75.26122,39.96604],[-75.26129,39.96601],[-75.26139,39.96601],[-75.26145,39.96604],[-75.26148,39.96609],[-75.26155,39.96613],[-75.26166,39.96617],[-75.26181,39.9662],[-75.2619,39.96618],[-75.26202,39.96614],[-75.2621,39.9661],[-75.26214,39.96597],[-75.26225,39.96589],[-75.26239,39.96575],[-75.26242,39.96569],[-75.26246,39.96564],[-75.26251,39.96562],[-75.26277,39.96566],[-75.26284,39.96565],[-75.26292,39.96562],[-75.26303,39.96554],[-75.26315,39.96547],[-75.26325,39.96548],[-75.26347,39.96559],[-75.26362,39.96563],[-75.26377,39.96561],[-75.26393,39.96554],[-75.26399,39.9655],[-75.26406,39.96543],[-75.26413,39.96538],[-75.26438,39.96525],[-75.26456,39.96519],[-75.26506,39.9652],[-75.26539,39.96523],[-75.26545,39.96527],[-75.26553,39.96536],[-75.26566,39.96554],[-75.26575,39.96564],[-75.26586,39.9658],[-75.26592,39.96587],[-75.26605,39.96594],[-75.2664,39.96603],[-75.26671,39.96603],[-75.2668,39.96602],[-75.26703,39.96603],[-75.26722,39.9661],[-75.2673,39.96617],[-75.26748,39.96627],[-75.26753,39.96628],[-75.2676,39.96628],[-75.26813,39.9665],[-75.2684,39.9666],[-75.26852,39.96666],[-75.26877,39.96687],[-75.26892,39.96705],[-75.26908,39.96734],[-75.26913,39.96737],[-75.26921,39.96739],[-75.26936,39.96741],[-75.26945,39.9674],[-75.26962,39.96734],[-75.26974,39.96732],[-75.26986,39.96735],[-75.26992,39.96739],[-75.27001,39.96749],[-75.27008,39.96774],[-75.27014,39.96788],[-75.27019,39.96799],[-75.2703,39.96819],[-75.27039,39.96833],[-75.27042,39.96844],[-75.27042,39.96849],[-75.27045,39.96854],[-75.2705,39.96859],[-75.2706,39.96867],[-75.27065,39.96868],[-75.27072,39.96868],[-75.27078,39.96867],[-75.27099,39.96861],[-75.27117,39.96864],[-75.27133,39.9687],[-75.27149,39.96872],[-75.27159,39.96872],[-75.2717,39.96874],[-75.27181,39.96877],[-75.27187,39.96881],[-75.27203,39.96899],[-75.27209,39.96902],[-75.2722,39.96906],[-75.27251,39.96914],[-75.27273,39.96923],[-75.27282,39.96925],[-75.27296,39.9693],[-75.27306,39.96931],[-75.27319,39.96931],[-75.27342,39.96929],[-75.27357,39.96929],[-75.27391,39.96932],[-75.27415,39.96933],[-75.27433,39.96933],[-75.27481,39.9693],[-75.27503,39.9693],[-75.2752,39.96933],[-75.27527,39.96937],[-75.27532,39.96942],[-75.2754,39.96958],[-75.2755,39.96994],[-75.27561,39.97022],[-75.27565,39.97027],[-75.27571,39.9703],[-75.27582,39.97032],[-75.27601,39.97032],[-75.27625,39.97034],[-75.27631,39.97036],[-75.27641,39.97043],[-75.27666,39.97087],[-75.27668,39.97095],[-75.27664,39.97103],[-75.27659,39.97107],[-75.27647,39.97114],[-75.27649,39.97119],[-75.27653,39.97123],[-75.27658,39.97127],[-75.27676,39.97125],[-75.2769,39.97118],[-75.27708,39.97111],[-75.2772,39.97109],[-75.27734,39.97109],[-75.27749,39.97112],[-75.27754,39.97114],[-75.27758,39.97116],[-75.27766,39.97122],[-75.27771,39.97129],[-75.27772,39.97133],[-75.27765,39.97137],[-75.27755,39.9714],[-75.27751,39.97143],[-75.27751,39.9715],[-75.27753,39.97156],[-75.27759,39.97162],[-75.27768,39.97167],[-75.27777,39.97169],[-75.27789,39.9717],[-75.27797,39.97172],[-75.27802,39.97176],[-75.2783,39.97194],[-75.27836,39.97202],[-75.27845,39.97212],[-75.27854,39.97219],[-75.27866,39.97234],[-75.2787,39.97242],[-75.27878,39.9727],[-75.27881,39.97306],[-75.27883,39.97317],[-75.27886,39.97326],[-75.27892,39.97332],[-75.27895,39.97337],[-75.27897,39.97346],[-75.279,39.97354],[-75.27908,39.9737],[-75.27913,39.97392],[-75.27917,39.974],[-75.27924,39.97404],[-75.27936,39.97408],[-75.2796,39.97419],[-75.27996,39.97443],[-75.28003,39.97451],[-75.28009,39.97463],[-75.28013,39.97474],[-75.28031,39.975],[-75.27638,39.97701],[-75.27227,39.97885],[-75.26372,39.98264],[-75.26219,39.98349],[-75.25873,39.98539],[-75.2585,39.98558],[-75.2563,39.98721],[-75.25612,39.98732],[-75.25082,39.9898],[-75.24801,39.99113],[-75.24165,39.99411],[-75.23903,39.99535],[-75.23089,39.99915],[-75.21457,40.00681],[-75.21305,40.00746],[-75.20892,40.00946],[-75.20725,40.01025],[-75.20729,40.01033],[-75.2073,40.0104],[-75.20724,40.01102],[-75.20663,40.01148],[-75.20616,40.01182],[-75.20606,40.01176],[-75.20603,40.01173],[-75.206,40.01172],[-75.20596,40.01169],[-75.20578,40.01159],[-75.20568,40.01152],[-75.20556,40.01146],[-75.20554,40.01144],[-75.20547,40.0114],[-75.205,40.01114],[-75.20492,40.01111],[-75.20478,40.01103],[-75.20444,40.01086],[-75.2044,40.01085],[-75.20425,40.01077],[-75.20421,40.01076],[-75.20395,40.01063],[-75.20379,40.01057],[-75.20368,40.01051],[-75.20352,40.01045],[-75.20333,40.01036],[-75.20309,40.01027],[-75.20302,40.01023],[-75.20274,40.01013],[-75.20266,40.01009],[-75.20234,40.00997],[-75.20226,40.00995],[-75.20198,40.00984],[-75.2019,40.00982],[-75.20178,40.00977],[-75.20157,40.00971],[-75.20145,40.00966],[-75.20137,40.00964],[-75.20121,40.00958],[-75.20108,40.00955],[-75.20092,40.00949],[-75.20059,40.0094],[-75.20055,40.00938],[-75.20042,40.00935],[-75.20038,40.00933],[-75.20017,40.00928],[-75.20013,40.00926],[-75.19976,40.00916],[-75.19972,40.00914],[-75.19938,40.00905],[-75.19934,40.00903],[-75.19922,40.009],[-75.19918,40.00898],[-75.19905,40.00895],[-75.19901,40.00893],[-75.19869,40.00883],[-75.19865,40.00881],[-75.19848,40.00876],[-75.19836,40.00871],[-75.19828,40.00869],[-75.19796,40.00857],[-75.19788,40.00855],[-75.19784,40.00853],[-75.19775,40.00851],[-75.19763,40.00846],[-75.19755,40.00844],[-75.19751,40.00842],[-75.19741,40.00839],[-75.19739,40.00839],[-75.19735,40.00837],[-75.19706,40.00829],[-75.19702,40.00827],[-75.19685,40.00823],[-75.19681,40.00821],[-75.19651,40.00814],[-75.19647,40.00812],[-75.19613,40.00804],[-75.19609,40.00802],[-75.19571,40.00793],[-75.19567,40.00791],[-75.19542,40.00785],[-75.19538,40.00783],[-75.19517,40.00778],[-75.19513,40.00776],[-75.19484,40.00768],[-75.1948,40.00766],[-75.1946,40.0076],[-75.19436,40.00751],[-75.19401,40.00735],[-75.19397,40.00734],[-75.19379,40.00724],[-75.19375,40.00723],[-75.19349,40.00709],[-75.19345,40.00708],[-75.19304,40.00687],[-75.193,40.00686],[-75.19292,40.00682],[-75.19278,40.00674],[-75.19275,40.00671],[-75.19265,40.00665],[-75.19253,40.00655],[-75.19243,40.00643],[-75.1924,40.00641],[-75.19222,40.00617],[-75.19219,40.00614],[-75.19213,40.00605],[-75.19209,40.00601],[-75.1919,40.00572],[-75.19179,40.00546],[-75.19177,40.00543],[-75.19174,40.00533],[-75.19172,40.0053],[-75.19169,40.0052],[-75.19167,40.00517],[-75.19158,40.00487],[-75.19158,40.00483],[-75.19155,40.00473],[-75.19154,40.00463],[-75.1915,40.00446],[-75.19148,40.00429],[-75.19146,40.00422],[-75.19141,40.00385],[-75.1914,40.00382],[-75.1914,40.00378],[-75.19137,40.00361],[-75.19137,40.00354],[-75.19136,40.00351],[-75.19136,40.00344],[-75.19135,40.00341],[-75.19135,40.00334],[-75.19134,40.0033],[-75.19134,40.00317],[-75.19133,40.00313],[-75.19133,40.00256],[-75.19134,40.00252],[-75.19134,40.00239],[-75.19135,40.00235],[-75.19135,40.00228],[-75.19136,40.00225],[-75.19136,40.00215],[-75.19138,40.00205],[-75.19138,40.00198],[-75.1914,40.00188],[-75.19141,40.00177],[-75.19144,40.00161],[-75.19147,40.00137],[-75.19149,40.0013],[-75.1915,40.0012],[-75.19154,40.00103],[-75.19155,40.00093],[-75.19159,40.00076],[-75.19159,40.00072],[-75.19161,40.00066],[-75.19161,40.00062],[-75.19164,40.00052],[-75.19166,40.00039],[-75.19168,40.00032],[-75.19168,40.00028],[-75.1917,40.00022],[-75.1917,40.00018],[-75.19172,40.00012],[-75.19172,40.00008],[-75.19178,39.99985],[-75.19178,39.99981],[-75.19181,39.99971],[-75.19181,39.99968],[-75.19185,39.99955],[-75.19185,39.99951],[-75.1919,39.99934],[-75.1919,39.99931],[-75.19197,39.99908],[-75.19197,39.99904],[-75.19205,39.99878],[-75.19206,39.99871],[-75.19217,39.99834],[-75.19218,39.99827],[-75.19226,39.99801],[-75.19226,39.99797],[-75.19234,39.99771],[-75.19242,39.99755],[-75.19243,39.99751],[-75.19247,39.99745],[-75.19252,39.99732],[-75.19263,39.9971],[-75.19264,39.99706],[-75.19269,39.99697],[-75.1927,39.99693],[-75.19289,39.99655],[-75.19293,39.99649],[-75.19298,39.99639],[-75.19304,39.9963],[-75.19305,39.99627],[-75.19332,39.99588],[-75.19335,39.99585],[-75.19348,39.99567],[-75.19353,39.99562],[-75.19364,39.99547],[-75.1938,39.99529],[-75.19386,39.99521],[-75.19407,39.99499],[-75.19414,39.9949],[-75.19417,39.99488],[-75.19422,39.99482],[-75.19428,39.99477],[-75.19433,39.99471],[-75.19436,39.99469],[-75.19438,39.99466],[-75.19447,39.99458],[-75.19449,39.99455],[-75.19461,39.99445],[-75.19466,39.99439],[-75.19475,39.99432],[-75.19495,39.99413],[-75.1966,39.99275],[-75.19665,39.99269],[-75.19674,39.99262],[-75.19688,39.99248],[-75.19691,39.99246],[-75.19696,39.9924],[-75.19699,39.99238],[-75.19721,39.99216],[-75.19723,39.99213],[-75.19729,39.99208],[-75.19731,39.99205],[-75.19737,39.992],[-75.19744,39.99191],[-75.19747,39.99189],[-75.19749,39.99186],[-75.1976,39.99175],[-75.19767,39.99166],[-75.1977,39.99164],[-75.1978,39.99152],[-75.19783,39.9915],[-75.1979,39.99141],[-75.19798,39.99133],[-75.19807,39.99121],[-75.1981,39.99119],[-75.19822,39.99104],[-75.19835,39.9909],[-75.19839,39.99084],[-75.19842,39.99082],[-75.19854,39.99067],[-75.19857,39.99065],[-75.19869,39.9905],[-75.19874,39.99045],[-75.19881,39.99036],[-75.19889,39.99028],[-75.19896,39.99019],[-75.19917,39.98997],[-75.19924,39.98988],[-75.19927,39.98986],[-75.19929,39.98983],[-75.19979,39.9893],[-75.19981,39.98927],[-75.19984,39.98925],[-75.19994,39.98913],[-75.19997,39.98911],[-75.20012,39.98894],[-75.20018,39.98889],[-75.20026,39.9888],[-75.20203,39.98723],[-75.20215,39.98714],[-75.20224,39.98706],[-75.20228,39.98704],[-75.20231,39.98701],[-75.20237,39.98697],[-75.20246,39.98689],[-75.20259,39.9868],[-75.2028,39.98662],[-75.20284,39.9866],[-75.20287,39.98657],[-75.20293,39.98653],[-75.20347,39.98608],[-75.20353,39.98602],[-75.20384,39.98576],[-75.20387,39.98574]]]]}}]}
